"X_COORD","Y_COORD","BOUGUER","GRTOPISO","PROF_MOHO","S_DEPTH","TOPO_ISO","BENPENTE","DIST_SEIS","DIST_SUBS","DIST_VOL","NBR_SEISM","DIST_112","DIST_135","DIST_157","DIST_180","DIST_22","DIST_45","DIST_67","DIST_90","AGE","ROCK"
5666700.0,-3632981.5,-51.0,2.0E-4,43172.2,-21.0,7.0,0.0746,46736.246,712967.75,466620.7,0.0,490845.0,160548.11,166178.19,27608.668,37171.44,171721.22,97738.01,480480.88,"PALEOZOIC","METAMORPHIC"
5244869.5,-3261162.5,-340.0,-8.0E-4,61481.1,-88.0,-96.0,0.0472,1220.1238,256352.64,241435.52,16.0,267791.4,23370.104,81220.52,20108.002,2711.682,64133.164,119622.49,105266.016,"PROTEROZOIC","PLUTONIC"
5666491.0,-3612491.2,-47.0,4.0E-4,44695.6,-21.0,15.0,0.074,38904.68,710453.06,469699.72,0.0,473323.66,144102.62,171619.69,17918.785,55877.52,159479.84,81121.086,500917.16,"PALEOZOIC","METAMORPHIC"
5528703.5,-2565500.0,-412.0,-5.0E-4,67370.2,-184.0,-97.0,0.0659,3266.978,423968.03,80233.41,45.0,98368.266,29707.562,105775.71,12388.455,38317.203,6383.891,80826.05,85373.6,"PROTEROZOIC","PLUTONIC"
5528679.0,-3031326.0,-235.0,0.0,54031.0,-133.0,-61.0,0.0502,13164.581,456534.66,120789.95,2.0,5521.464,17890.676,108901.33,60951.08,37478.69,16524.453,79351.14,89502.984,"PALEOZOIC","VOLCANIC"
5316253.5,-3284466.5,-235.0,-3.0E-4,46446.7,-60.0,-61.0,0.0116,7163.2354,329318.38,263512.38,15.0,265932.6,22681.416,31217.363,76856.69,30435.18,9040.803,86911.24,168694.48,"PROTEROZOIC","PLUTONIC"
5262670.5,-3429156.5,-245.0,-4.0E-4,56016.0,-120.0,-66.0,0.0056,2584.7039,290709.34,274843.16,65.0,419412.88,168660.11,96940.27,24242.645,43701.824,30645.639,241143.77,63335.945,"PROTEROZOIC","PLUTONIC"
5415001.5,-3227326.2,-160.0,7.0E-4,44332.0,-103.0,-18.0,0.0205,4403.7627,411507.75,226201.19,8.0,203684.36,66139.74,25841.324,48920.426,47569.45,57661.87,62692.97,103418.99,"MESOZOIC","VOLCANIC"
5601649.0,-2491036.2,-376.0,-2.0E-4,63746.4,-252.0,-80.0,0.0587,5841.033,492588.75,90462.17,41.0,123032.695,122622.016,176357.44,22761.113,8190.7637,23125.955,46835.996,17043.22,"PROTEROZOIC","PLUTONIC"
5657279.5,-3450984.0,-50.0,3.0E-4,45718.9,-192.0,9.0,0.0827,11771.5625,685565.0,515589.3,2.0,352245.03,38769.58,179249.86,531.85455,132022.81,134604.06,93577.8,357231.4,"MESOZOIC","VOLCANIC"
5596894.5,-3693619.0,-80.0,-5.0E-4,42028.4,-32.0,-18.0,0.0316,30313.586,651440.1,392314.3,0.0,579056.6,193480.64,95531.06,67316.02,55171.207,169831.9,95326.266,432430.94,"PROTEROZOIC","PLUTONIC"
5764820.5,-3321070.0,-1.0,7.0E-4,40058.4,-10.0,28.0,0.1766,33026.89,770812.2,489430.1,0.0,185835.73,151931.66,124123.445,74882.555,158388.75,253658.45,257998.7,315267.25,"PALEOZOIC","METAMORPHIC"
5360674.0,-3120353.0,-307.0,-2.0E-4,63875.7,-97.0,-68.0,0.0242,11487.11,320861.16,108707.98,6.0,96266.016,143033.02,6979.7163,52152.92,24233.11,14979.619,56762.805,111964.734,"PROTEROZOIC","PLUTONIC"
5586661.0,-3655810.8,-68.0,1.0E-4,42655.2,-32.0,0.0,0.0296,28201.445,636482.0,384358.72,0.0,553692.3,154857.31,83226.164,54592.293,62579.37,134890.86,59799.12,450434.66,"MESOZOIC","VOLCANIC"
5414629.5,-3219002.5,-168.0,9.0E-4,48263.1,-103.0,-15.0,0.021,6150.5234,408017.56,218217.33,9.0,195391.28,73592.45,29278.303,40599.785,46535.875,64199.684,56008.85,96733.88,"PALEOZOIC","VOLCANIC"
5277647.0,-3610808.2,-177.0,6.0E-4,43103.8,-29.0,-44.0,0.0326,1713.3511,324253.94,113588.33,40.0,593694.8,210710.3,119698.15,11927.106,10626.191,6898.475,195474.53,182960.69,"PROTEROZOIC","PLUTONIC"
5640242.5,-3168198.8,-60.0,4.0E-4,39354.5,-29.0,-10.0,0.1351,11363.441,600532.7,293323.72,1.0,115190.57,66024.21,111585.0,33221.26,104448.55,66694.66,200334.95,127906.516,"MESOZOIC","VOLCANIC"
5634485.0,-3469074.0,-49.0,3.0E-4,42512.1,-152.0,9.0,0.0614,14396.554,664644.44,486942.03,4.0,381235.62,31355.787,168097.61,13515.144,103504.12,114428.48,71135.016,366042.84,"PROTEROZOIC","PLUTONIC"
5635698.0,-3493295.0,-53.0,3.0E-4,43295.8,-152.0,11.0,0.0626,18595.209,668214.7,477141.03,1.0,397368.78,54284.996,174230.86,13008.752,96813.32,107485.98,47234.03,389204.34,"MESOZOIC","VOLCANIC"
5235697.0,-3694807.5,-243.0,-5.0E-4,44581.5,-42.0,-74.0,0.0422,4039.049,292765.28,31237.896,13.0,684023.9,117240.9,146526.2,26376.9,4511.6123,25906.396,184941.55,245407.69,"PALEOZOIC","VOLCANIC"
5480446.0,-3681599.5,-25.0,9.0E-4,39288.9,-176.0,25.0,0.01,16523.645,534408.7,276318.78,1.0,621672.56,203339.14,27065.613,129131.805,21824.625,80199.71,17510.344,375368.44,"PALEOZOIC","PLUTONIC"
5256553.0,-3173259.2,-308.0,3.0E-4,64098.7,-109.0,-44.0,0.0185,7756.1475,244376.9,152826.23,12.0,184164.03,63478.344,26824.494,64486.66,11045.94,85332.516,98705.83,169446.69,"PROTEROZOIC","VOLCANIC"
5564911.5,-3039667.2,-194.0,1.0E-4,57084.7,-105.0,-49.0,0.0796,5291.801,493657.44,156481.67,3.0,15856.173,26739.016,83651.19,48949.484,7656.6055,19795.207,99210.27,91770.055,"MESOZOIC","VOLCANIC"
5263267.0,-3651118.2,-210.0,1.0E-4,43838.1,-59.0,-57.0,0.0375,4011.244,315116.3,74968.31,51.0,635871.5,167978.44,147324.86,527.95465,19328.39,22140.486,179874.47,212197.75,"PROTEROZOIC","PLUTONIC"
5569869.5,-2686431.0,-320.0,4.0E-4,67435.7,-188.0,-40.0,0.0714,9200.866,472644.7,17572.379,11.0,224993.55,66580.01,90631.65,29879.322,31348.795,1289.2308,44832.8,11144.078,"MESOZOIC","VOL_SEDIMENTARY"
5227871.5,-3417261.5,-272.0,-3.0E-4,55387.1,-120.0,-65.0,0.012,8537.976,254915.58,281497.3,17.0,418952.53,177136.03,67832.5,29112.91,56948.504,16300.926,245456.7,29674.553,"PROTEROZOIC","PLUTONIC"
5537791.0,-2815121.0,-315.0,2.0E-4,59789.4,-75.0,-52.0,0.0588,15092.49,453343.1,116663.766,2.0,206777.05,166526.02,1372.0232,7190.488,66833.72,9251.97,26382.223,94487.04,"PALEOZOIC","METAMORPHIC"
5617575.0,-2849749.5,-242.0,-6.0E-4,46682.8,-191.0,-73.0,0.0949,20464.791,533745.56,172579.89,0.0,207465.06,139370.42,56507.695,50942.535,8058.3716,13584.373,50615.766,145534.67,"PALEOZOIC","PLUTONIC"
5479693.0,-3230711.8,-154.0,-1.0E-4,50181.6,-124.0,-54.0,0.038,5987.3213,472681.47,257454.6,11.0,191016.81,92091.125,20738.99,48975.934,75652.78,10259.382,112873.15,90859.23,"PROTEROZOIC","VOL_SEDIMENTARY"
5500262.5,-3001530.5,-293.0,-3.0E-4,55930.4,-133.0,-75.0,0.036,6484.597,424245.1,81665.71,5.0,21127.824,29312.486,118716.4,49311.184,69494.42,10219.956,41879.39,120901.78,"PALEOZOIC","METAMORPHIC"
5626681.0,-3593176.0,-62.0,1.0E-4,40347.6,-57.0,6.0,0.0502,13652.149,668955.2,434851.12,1.0,479519.38,105466.375,143194.28,9668.343,75442.76,115729.44,41951.215,458897.2,"PALEOZOIC","SEDIMENTARY"
5434346.0,-3482963.8,-60.0,4.0E-4,40105.9,-27.0,5.0,0.0287,5114.841,466815.75,314539.06,81.0,440276.34,78197.69,1381.394,22121.607,4248.4775,41135.465,123185.805,241791.95,"PROTEROZOIC","PLUTONIC"
5593676.5,-3617193.8,-68.0,0.0,40977.8,-33.0,1.0,0.0326,35883.016,638564.3,397335.3,0.0,518613.8,117323.59,102973.93,44574.977,73001.02,109708.95,38647.88,438285.44,"MESOZOIC","VOLCANIC"
5482101.5,-3181360.2,-170.0,0.0,45586.7,-133.0,-53.0,0.0434,3317.7695,456261.94,218926.62,16.0,147573.45,135968.03,47929.11,67011.81,47041.72,37282.547,76637.305,42589.56,"PROTEROZOIC","VOL_SEDIMENTARY"
5643737.5,-2474429.0,-313.0,5.0E-4,62575.1,-252.0,-41.0,0.0718,7072.709,533671.6,100563.0,10.0,164790.61,158694.5,221150.11,65451.074,37317.418,45879.035,1616.4446,10589.645,"MESOZOIC","VOL_SEDIMENTARY"
5242144.5,-3557176.5,-271.0,-5.0E-4,54488.3,-114.0,-83.0,0.0141,1338.2595,282740.2,145544.08,88.0,548424.7,252381.64,130723.266,14077.924,22276.611,41098.863,259126.27,118677.02,"PROTEROZOIC","PLUTONIC"
5441451.5,-3099039.5,-248.0,-3.0E-4,47900.6,-89.0,-75.0,0.0305,4944.8975,390055.06,131458.61,11.0,84369.39,84557.34,75816.28,8707.084,20294.963,17022.953,12190.08,50649.72,"PALEOZOIC","METAMORPHIC"
5269839.5,-3580992.8,-197.0,5.0E-4,55567.7,-90.0,-47.0,0.0242,5506.973,312721.2,133786.16,32.0,565720.25,236008.2,115487.03,10203.354,25095.387,4635.722,223081.27,153811.44,"PALEOZOIC","VOLCANIC"
5644499.5,-3654595.5,-70.0,-2.0E-4,42909.4,-22.0,-6.0,0.0621,50594.535,693696.2,442013.22,0.0,520734.78,168337.44,140737.75,14239.266,11516.617,170805.6,100513.35,461454.47,"PROTEROZOIC","PLUTONIC"
5526119.0,-3356702.5,-61.0,3.0E-4,39397.7,-99.0,-16.0,0.0338,18698.936,545503.2,389743.7,1.0,293808.6,13066.883,26513.615,11106.522,90940.85,62812.793,176242.03,223364.5,"PROTEROZOIC","VOL_SEDIMENTARY"
5684504.5,-3332575.8,-35.0,1.0E-4,36551.6,-88.0,-6.0,0.1479,62811.832,700565.0,446966.72,0.0,259633.78,126669.55,181320.98,63470.66,200455.48,194198.53,214861.92,267419.47,"MESOZOIC","VOLCANIC"
5541927.0,-3531216.8,-32.0,4.0E-4,38625.9,-106.0,18.0,0.0329,3566.1755,578585.6,376213.2,4.0,464613.38,43925.57,84833.516,84653.72,6628.8354,10748.159,14407.8125,358378.5,"PROTEROZOIC","VOL_SEDIMENTARY"
5605238.0,-3528652.8,-52.0,2.0E-4,38892.7,-68.0,8.0,0.0457,20878.783,641348.5,434877.03,0.0,443965.3,40929.25,146756.25,21707.67,65958.12,72277.24,22708.52,410962.97,"MESOZOIC","VOLCANIC"
5412191.5,-3224625.0,-168.0,9.0E-4,48263.1,-103.0,-15.0,0.0201,4367.521,407885.03,222743.05,9.0,200632.95,67464.336,25029.643,46313.87,44817.92,61543.465,58823.305,102734.336,"MESOZOIC","VOLCANIC"
5772200.0,-3308534.8,-2.0,7.0E-4,38768.5,-10.0,25.0,0.1766,24581.152,772907.56,485705.38,0.0,172438.89,139662.05,109665.234,65421.938,144017.42,251731.42,272540.03,313318.25,"PALEOZOIC","SEDIMENTARY"
5493295.5,-2816448.0,-358.0,0.0,67201.3,-32.0,-64.0,0.0489,15088.394,408847.44,87200.19,10.0,190539.55,197046.89,38428.082,51702.637,103453.19,31727.008,7709.643,82063.22,"MESOZOIC","VOLCANIC"
5295458.5,-3276497.8,-256.0,-2.0E-4,52757.6,-101.0,-64.0,0.0231,10543.154,307853.28,253825.48,6.0,263741.38,21983.617,44489.074,60624.582,24551.293,12884.245,90477.12,149315.25,"PALEOZOIC","SEDIMENTARY"
5234152.5,-3694770.0,-254.0,-5.0E-4,44581.5,-42.0,-74.0,0.0418,3293.8086,291222.38,29704.287,12.0,684305.2,116776.4,147400.34,26970.748,3048.8767,24643.58,186418.39,245029.58,"PALEOZOIC","VOLCANIC"
5473316.0,-3131547.5,-206.0,-3.0E-4,42692.1,-136.0,-71.0,0.0377,2155.2354,430800.56,170200.84,20.0,107892.07,96589.164,72701.31,33879.773,6989.8037,41533.875,33433.2,7044.027,"PALEOZOIC","SEDIMENTARY"
5245130.5,-3563717.0,-250.0,-2.0E-4,54488.3,-114.0,-73.0,0.0157,2421.8247,286347.38,140069.77,74.0,554058.9,246513.95,135905.47,15456.254,29460.164,34403.332,252226.98,125821.62,"PROTEROZOIC","PLUTONIC"
5557523.0,-3041522.8,-194.0,1.0E-4,57084.7,-105.0,-49.0,0.0745,8017.678,486707.1,150842.34,3.0,10294.664,21926.066,90647.2,52742.47,14345.321,23986.31,98515.984,86826.234,"PALEOZOIC","METAMORPHIC"
5398921.0,-3137154.8,-257.0,-1.0E-4,55243.9,-97.0,-63.0,0.0317,1579.8461,362592.78,136394.14,10.0,112203.7,137069.92,19290.21,14408.882,17513.896,26634.87,24743.422,71997.52,"PROTEROZOIC","PLUTONIC"
5398176.5,-3127412.0,-262.0,-1.0E-4,55243.9,-97.0,-64.0,0.0326,9139.214,358473.75,127280.59,10.0,102438.47,128532.51,25388.287,15033.876,13231.195,22806.943,25248.166,73804.984,"PROTEROZOIC","PLUTONIC"
5498816.5,-2803692.0,-354.0,0.0,67277.7,-32.0,-62.0,0.0483,9296.274,414368.5,100153.3,1.0,204397.22,184341.22,27518.008,45243.05,106015.15,34492.07,671.8831,71623.805,"PROTEROZOIC","VOLCANIC"
5267559.0,-3578157.2,-197.0,5.0E-4,55567.7,-90.0,-47.0,0.023,4035.6096,310120.22,135191.75,33.0,563368.7,238021.66,116846.984,9987.357,27953.799,8246.505,226719.88,150179.25,"PALEOZOIC","METAMORPHIC"
5288086.5,-3311445.5,-205.0,0.0013,53816.1,-52.0,-18.0,0.0228,9362.264,304076.94,288545.12,8.0,299296.47,57414.117,69965.43,42756.883,5322.509,1170.8776,123709.86,139601.88,"PROTEROZOIC","PLUTONIC"
5444264.5,-3072175.0,-273.0,-4.0E-4,50520.6,-89.0,-80.0,0.0243,1744.3444,384026.0,105679.625,31.0,57362.223,59107.18,96217.99,6318.189,29263.385,21598.258,36764.4,73068.23,"PALEOZOIC","METAMORPHIC"
5597543.5,-2703799.2,-284.0,5.0E-4,63737.4,-156.0,-33.0,0.087,5168.3364,502256.6,48628.43,3.0,252718.06,44994.273,106688.414,3807.486,30474.19,27306.303,23233.096,14337.104,"MESOZOIC","VOLCANIC"
5335855.5,-3120404.0,-318.0,-2.0E-4,62624.7,-112.0,-65.0,0.0183,5956.0405,297825.06,107274.164,6.0,103091.164,138719.28,28921.883,43510.883,38270.273,27133.135,70186.41,136450.97,"PROTEROZOIC","SEDIMENTARY"
5550818.5,-3651889.5,-58.0,3.0E-4,44188.5,-32.0,10.0,0.0208,8762.618,600431.56,349246.2,2.0,572456.7,152353.34,49437.89,89108.78,43954.81,107821.695,37669.547,417885.0,"MESOZOIC","VOLCANIC"
5659830.0,-2488715.2,-278.0,8.0E-4,65218.4,-221.0,-22.0,0.0874,10639.052,550546.06,122079.72,2.0,180951.84,140268.7,233899.64,56245.07,19182.312,25716.834,17048.82,30838.945,"PROTEROZOIC","PLUTONIC"
5552469.5,-3622259.2,-49.0,5.0E-4,44597.2,-33.0,17.0,0.0231,18493.225,598301.25,355973.62,1.0,548715.4,122867.234,63769.93,86051.48,39361.23,87077.875,11912.8125,404061.88,"MESOZOIC","VOLCANIC"
5685663.0,-2603771.8,-245.0,0.0,63536.1,-181.0,-51.0,0.1094,10483.6,582839.7,140832.34,3.0,240543.8,91528.83,182738.69,51154.156,31429.098,23913.746,38088.68,38321.004,"PROTEROZOIC","PLUTONIC"
5282024.5,-3622031.8,-184.0,3.0E-4,43103.8,-29.0,-52.0,0.0335,2983.4485,330022.8,108324.88,51.0,604072.3,202186.12,119385.86,14553.535,3741.37,17788.615,184336.05,194811.34,"PROTEROZOIC","PLUTONIC"
5700072.0,-2953958.2,-83.0,4.0E-4,39026.1,-140.0,-21.0,0.1382,4070.475,621481.94,257233.92,9.0,163912.77,91218.84,76136.11,24261.494,57535.188,69893.48,81159.28,184400.67,"PALEOZOIC","VOLCANIC"
5238063.0,-3394367.0,-268.0,-1.0E-4,54102.6,-132.0,-63.0,0.0142,8586.435,262824.6,305267.75,14.0,393937.06,152164.42,86931.5,20923.828,48951.13,7291.2437,220543.88,49756.17,"PROTEROZOIC","PLUTONIC"
5233237.0,-3315701.5,-314.0,-6.0E-4,53030.1,-136.0,-83.0,0.0302,3558.7014,249956.52,297151.2,8.0,322325.62,78882.086,117983.19,11551.104,24695.383,44873.168,161415.83,85364.7,"MESOZOIC","METAMORPHIC"
5272699.5,-3591247.8,-194.0,6.0E-4,44412.7,-90.0,-44.0,0.0278,3142.0874,316858.72,126449.97,32.0,575277.94,227211.16,116367.3,10569.826,20008.125,4553.159,213373.78,163865.97,"PROTEROZOIC","PLUTONIC"
5195928.0,-3246770.2,-337.0,-9.0E-4,69309.1,-94.0,-87.0,0.023,16624.69,207155.34,240565.89,8.0,277213.62,27156.186,114577.945,8187.6323,49091.96,113484.16,159967.88,74161.48,"MESOZOIC","METAMORPHIC"
5200810.5,-3241489.5,-333.0,-8.0E-4,69636.4,-90.0,-83.0,0.0273,10005.726,212037.98,233878.11,3.0,270434.25,20447.219,107661.86,2300.7717,43856.79,112025.63,153909.31,81343.43,"MESOZOIC","METAMORPHIC"
5232183.5,-3300474.5,-325.0,-6.0E-4,57514.9,-136.0,-88.0,0.0333,4606.079,247342.06,282352.06,16.0,308800.66,64677.45,111258.625,7039.2295,23065.27,54720.188,152140.02,83568.96,"MESOZOIC","METAMORPHIC"
5184588.5,-3540662.2,-297.0,-0.0011,62179.5,-109.0,-78.0,0.0245,1219.9257,223852.88,158402.48,156.0,549696.75,265129.3,92598.516,1354.7738,49481.508,94409.84,310903.5,85110.67,"MESOZOIC","PLUTONIC"
5238428.0,-3383493.5,-276.0,-3.0E-4,52438.9,-132.0,-69.0,0.0164,7775.586,262095.98,316116.84,10.0,383633.84,141774.11,93235.1,10095.251,43555.92,804.6883,211059.62,57481.14,"PROTEROZOIC","PLUTONIC"
5150158.0,-3523898.0,-203.0,7.0E-4,65341.3,-109.0,5.0,0.0313,1014.2761,187957.12,182220.92,127.0,546453.7,285479.0,76408.88,15859.819,54072.19,131974.1,347652.75,66731.18,"PROTEROZOIC","PLUTONIC"
5234035.5,-3429352.5,-266.0,-1.0E-4,55313.4,-120.0,-60.0,0.0094,3421.3503,262230.06,270051.53,29.0,428207.34,186532.28,69153.69,15575.112,45558.94,29778.525,253122.86,34797.74,"PROTEROZOIC","SEDIMENTARY"
5248528.5,-3420662.5,-269.0,-7.0E-4,55109.1,-120.0,-79.0,0.0074,7402.827,275805.94,280592.56,34.0,415350.9,173564.53,85651.445,22657.287,57459.742,18695.908,238916.1,49360.367,"PROTEROZOIC","PLUTONIC"
5221644.5,-3430495.5,-275.0,-2.0E-4,52878.6,-120.0,-63.0,0.0116,6357.677,250009.66,267842.53,31.0,433533.72,191681.1,57026.402,23982.105,43883.96,28774.357,260036.3,22724.033,"MESOZOIC","METAMORPHIC"
5250250.5,-3464248.0,-217.0,9.0E-4,51054.4,-119.0,-33.0,0.0032,687.6035,281772.53,237966.7,195.0,456560.28,202706.17,83640.96,7762.1436,26318.107,62305.125,278352.56,63775.7,"PROTEROZOIC","PLUTONIC"
5249614.5,-3469758.0,-217.0,9.0E-4,53163.1,-127.0,-34.0,0.0024,812.7189,281677.0,232437.39,229.0,462033.8,207299.58,84163.26,6943.1797,24145.355,67800.09,283726.94,66768.39,"PROTEROZOIC","PLUTONIC"
5447113.0,-3091948.0,-249.0,-4.0E-4,47900.6,-89.0,-79.0,0.0286,1308.8059,393085.38,125647.57,11.0,76814.43,75554.375,84887.984,3314.733,23009.713,10390.423,16792.027,53849.895,"PALEOZOIC","METAMORPHIC"
5383176.0,-2831376.8,-370.0,-1.0E-4,69017.3,-100.0,-59.0,0.0411,26845.895,298817.8,18995.518,0.0,155402.39,192970.12,141486.88,162190.47,53134.953,2985.628,24018.307,22832.383,"PROTEROZOIC","VOLCANIC"
5600882.5,-2543984.8,-363.0,-1.0E-4,64360.7,-244.0,-70.0,0.066,3229.0972,494815.8,130633.195,52.0,137335.12,102329.04,172110.66,12047.462,22802.797,54518.848,60839.1,69909.77,"PROTEROZOIC","VOLCANIC"
5536430.0,-2795459.5,-319.0,2.0E-4,62665.2,-41.0,-51.0,0.0565,27114.094,451982.1,127203.21,0.0,224826.31,152003.2,9501.067,6763.8477,73678.45,21711.59,7748.5117,75360.15,"PALEOZOIC","METAMORPHIC"
5588710.5,-2507435.8,-385.0,-3.0E-4,67658.1,-222.0,-84.0,0.0603,1046.6342,480598.1,102709.055,58.0,112890.95,102956.48,160738.0,7951.516,469.72897,22730.975,65782.92,36587.09,"PROTEROZOIC","PLUTONIC"
5245027.5,-3139622.8,-296.0,3.0E-4,67477.7,-127.0,-28.0,0.0274,6319.975,220994.83,123048.28,11.0,159385.53,90538.88,30432.438,56711.6,41715.434,111955.52,123550.02,190476.19,"PROTEROZOIC","VOLCANIC"
5577429.0,-2738199.5,-289.0,4.0E-4,65963.5,-156.0,-35.0,0.075,2560.453,488144.16,69171.15,5.0,275764.2,82164.21,73942.36,25948.84,41681.832,27265.168,21451.12,35133.203,"MESOZOIC","VOLCANIC"
5613672.0,-2318661.2,-359.0,-2.0E-4,61674.8,-236.0,-80.0,0.0736,17511.852,501407.03,98175.97,4.0,117557.664,64660.984,165324.86,108822.97,60502.074,45844.215,31971.336,60739.094,"PROTEROZOIC","PLUTONIC"
5592876.5,-2407194.8,-396.0,-6.0E-4,64206.1,-202.0,-100.0,0.0531,7517.043,479308.7,23230.033,3.0,135420.58,140921.2,183358.27,22083.604,21134.973,12666.636,84457.93,67841.73,"PROTEROZOIC","VOLCANIC"
5674614.5,-2016633.0,-234.0,3.0E-4,55282.4,-45.0,-12.0,0.1106,22128.924,602193.56,203824.92,0.0,32867.535,14112.587,1595.8855,212273.75,294860.4,79235.04,77230.766,140864.53,"PROTEROZOIC","PLUTONIC"
5404523.5,-1800330.5,-303.0,-1.0E-4,71638.3,-288.0,-56.0,0.0965,34312.723,467469.44,199653.28,0.0,4041.8818,23767.512,24929.602,109408.484,5973.142,336645.72,114106.06,187952.5,"PALEOZOIC","SEDIMENTARY"
5374808.0,-1698589.0,-260.0,-3.0E-4,46821.7,-28.0,-67.0,0.1362,3310.042,510781.06,272103.0,8.0,87187.05,1460.4952,6405.2515,68095.055,106661.836,384828.2,119111.195,216347.88,"PROTEROZOIC","PLUTONIC"
5353487.0,-1891659.9,-373.0,-3.0E-4,65306.2,-173.0,-74.0,0.0657,2966.7537,370961.22,96284.08,3.0,25755.379,26235.543,11202.888,18477.074,22582.645,311542.97,77681.79,108073.19,"PALEOZOIC","SEDIMENTARY"
5682141.0,-2150522.5,-301.0,-4.0E-4,59688.4,-32.0,-53.0,0.1223,32776.746,581117.56,113041.64,0.0,35469.36,79077.03,37631.453,150852.17,172562.98,10478.347,6486.4316,45426.875,"PALEOZOIC","PLUTONIC"
5530750.0,-2430643.0,-420.0,-5.0E-4,70981.5,-181.0,-103.0,0.0654,3907.9958,418390.56,33348.984,10.0,71868.56,129780.25,118660.75,40726.457,74879.56,45982.35,66869.86,48151.27,"PROTEROZOIC","VOLCANIC"
5645880.0,-2364408.5,-335.0,-4.0E-4,63335.3,-187.0,-73.0,0.0864,8005.987,532655.0,87031.28,6.0,159252.25,74421.984,208086.44,90191.44,30876.047,7012.493,86827.414,109436.89,"PALEOZOIC","VOLCANIC"
5399540.0,-1779919.5,-279.0,2.0E-4,67208.8,-172.0,-46.0,0.103,26072.998,476138.12,216847.16,0.0,15311.71,35615.78,19084.193,118520.99,22219.676,355892.53,133627.56,195694.31,"PROTEROZOIC","VOLCANIC"
5672437.5,-2389607.0,-306.0,-1.0E-4,57500.5,-285.0,-54.0,0.0986,19711.08,558722.75,104143.97,1.0,175957.44,75421.234,234895.67,85676.22,21307.803,13651.534,66306.4,92251.1,"PROTEROZOIC","PLUTONIC"
5509998.5,-1943157.0,-316.0,0.0,67088.5,-260.0,-41.0,0.0723,31995.562,477215.8,142914.17,0.0,20903.305,13337.656,37583.727,164604.19,141702.36,159246.19,20250.553,157050.11,"PALEOZOIC","PLUTONIC"
5563680.5,-2111268.0,-355.0,0.0,69996.2,-261.0,-60.0,0.0671,10147.41,469981.22,86675.25,2.0,35598.42,15607.877,62184.74,231042.12,176462.8,20394.621,23624.719,76622.15,"PROTEROZOIC","PLUTONIC"
5418683.0,-2216485.5,-358.0,-3.0E-4,62891.0,-120.0,-69.0,0.0784,0.00211,312941.66,88467.52,8.0,82253.234,125756.97,148768.56,67786.125,57651.344,92399.35,137769.62,116492.79,"MESOZOIC","VOLCANIC"
5531104.0,-2426276.0,-420.0,-5.0E-4,69408.4,-181.0,-103.0,0.0644,998.54004,418496.9,28987.85,7.0,75212.664,133898.3,119429.766,41991.08,71581.09,48613.95,64477.656,52494.266,"PALEOZOIC","SEDIMENTARY"
5560224.0,-2425298.2,-426.0,-9.0E-4,67593.8,-202.0,-117.0,0.0643,12017.174,447515.34,21105.768,5.0,98199.02,146902.77,148491.2,15253.024,49387.2,27469.064,87708.836,52385.27,"PROTEROZOIC","VOLCANIC"
5480248.5,-1848101.2,-246.0,7.0E-4,62317.9,-319.0,-16.0,0.0902,21601.984,498265.22,205349.5,0.0,45222.473,18838.049,25853.127,152222.34,80006.766,254137.56,31287.352,214474.33,"PROTEROZOIC","PLUTONIC"
5610565.0,-2394083.8,-385.0,-8.0E-4,63701.7,-187.0,-100.0,0.0572,26430.521,496829.22,42725.08,0.0,143336.64,119671.875,203331.95,44101.117,6251.205,6159.4727,86663.91,79772.27,"PROTEROZOIC","PLUTONIC"
5512302.0,-2401616.2,-390.0,2.0E-4,66489.3,-181.0,-75.0,0.0471,4647.8086,398629.38,18682.973,20.0,85671.695,150267.64,106917.79,27377.812,40571.94,63874.6,34758.934,79175.24,"PALEOZOIC","SEDIMENTARY"
5655393.0,-2110577.8,-314.0,-5.0E-4,60819.3,-33.0,-60.0,0.1124,13533.35,560134.75,115099.375,1.0,57947.76,71906.62,24801.572,195479.53,216005.27,32885.836,26840.145,45710.08,"PALEOZOIC","PLUTONIC"
5569126.0,-2403586.8,-415.0,-9.0E-4,68710.7,-202.0,-113.0,0.0559,6742.624,455480.62,2881.9946,20.0,118486.305,153116.33,160817.17,17948.377,45138.9,33950.82,83133.58,75043.4,"PROTEROZOIC","VOLCANIC"
5612998.5,-2313073.5,-355.0,-1.0E-4,61674.8,-236.0,-75.0,0.0748,18110.523,500850.0,102915.7,2.0,116464.266,62985.836,159974.8,113842.21,66126.62,45583.812,26587.266,58868.773,"PROTEROZOIC","PLUTONIC"
5556659.0,-2103643.2,-355.0,-1.0E-4,68456.8,-261.0,-61.0,0.0643,20144.424,464784.44,95577.945,0.0,44950.62,19664.172,63918.945,221946.81,168757.31,30365.775,33562.453,86823.26,"PROTEROZOIC","SEDIMENTARY"
5694177.5,-2158409.5,-278.0,1.0E-4,57687.1,-32.0,-35.0,0.1258,33314.457,592368.3,121423.7,0.0,43592.34,67894.91,49262.066,136472.17,164000.52,24827.69,7499.8486,57750.59,"PROTEROZOIC","PLUTONIC"
5681815.0,-2378858.5,-299.0,-2.0E-4,57665.2,-285.0,-55.0,0.1072,30327.049,568281.5,115492.34,0.0,163771.5,61158.664,225565.84,91727.81,11702.114,14348.364,69875.06,106038.56,"PROTEROZOIC","PLUTONIC"
5732469.0,-2254687.5,-214.0,0.001,55866.7,-289.0,0.0,0.1341,24395.184,622393.9,164176.45,0.0,46110.86,17200.887,131655.83,78993.516,76019.58,115954.47,39792.715,140152.5,"PROTEROZOIC","PLUTONIC"
5383507.5,-2304395.0,-362.0,-5.0E-4,66113.9,-121.0,-75.0,0.0574,2706.4673,271589.6,13369.024,21.0,4270.748,220409.31,72598.31,6437.1523,45694.59,71869.17,80910.43,42511.81,"PALEOZOIC","SEDIMENTARY"
5442034.5,-1967433.1,-350.0,-1.0E-4,63801.8,-57.0,-57.0,0.066,44014.59,405401.78,86870.93,0.0,27455.533,44669.496,47451.457,95378.695,87457.75,196256.95,1177.5458,91952.17,"PALEOZOIC","SEDIMENTARY"
5544224.5,-2053280.8,-353.0,-2.0E-4,67133.8,-237.0,-62.0,0.0649,16659.768,466979.88,129152.08,1.0,43577.727,61709.695,44067.22,199428.81,160420.48,65030.516,53112.09,131502.73,"PROTEROZOIC","PLUTONIC"
5588922.0,-2274675.8,-359.0,-1.0E-4,65267.6,-236.0,-73.0,0.0678,16032.734,477851.8,78720.29,2.0,95750.8,83933.65,130947.68,146433.02,108436.51,8166.054,16420.719,44100.82,"PALEOZOIC","SEDIMENTARY"
5663073.5,-2326118.8,-311.0,0.0,59989.4,-295.0,-55.0,0.1038,16736.373,550642.7,123184.24,2.0,117364.484,33790.37,170758.3,128913.734,33811.832,29641.51,61967.254,110525.47,"PALEOZOIC","VOLCANIC"
5425679.0,-1902542.4,-330.0,1.0E-4,64717.6,-143.0,-48.0,0.0732,13062.927,422512.8,128495.0,1.0,32368.217,16909.973,29135.79,84715.51,48291.98,247519.88,20014.543,144104.19,"PROTEROZOIC","PLUTONIC"
5726052.0,-2250146.2,-214.0,0.001,62201.1,-289.0,0.0,0.1333,19771.36,616351.4,156580.45,1.0,38804.0,16322.038,124010.53,85383.95,77532.37,108204.43,32349.246,132462.39,"PROTEROZOIC","PLUTONIC"
5392173.0,-1689266.4,-234.0,-4.0E-4,42154.3,-28.0,-72.0,0.1422,5540.879,529778.9,291229.8,1.0,102450.03,15393.466,13303.1455,67543.734,111236.16,401891.1,122865.055,223176.9,"PROTEROZOIC","PLUTONIC"
5619767.5,-2222453.5,-368.0,-7.0E-4,63311.2,-235.0,-87.0,0.0877,19607.396,512795.5,48349.773,1.0,37168.945,71888.05,70765.42,191519.31,126808.94,9765.623,12754.025,65857.08,"PROTEROZOIC","PLUTONIC"
5422703.0,-1783421.4,-276.0,-5.0E-4,58853.2,-192.0,-61.0,0.1042,49351.465,492208.56,222560.95,0.0,15721.973,48547.043,5985.92,134143.84,19303.969,339648.5,117348.5,212410.27,"PROTEROZOIC","PLUTONIC"
5534472.0,-2427311.5,-420.0,-5.0E-4,70013.8,-181.0,-103.0,0.0644,2622.2212,421917.94,30281.111,5.0,76859.93,134357.86,122666.516,41078.28,73977.17,45406.637,67775.09,51287.98,"PROTEROZOIC","VOLCANIC"
5553782.0,-2088745.5,-349.0,1.0E-4,68456.8,-263.0,-55.0,0.0624,14046.883,465606.5,110738.18,1.0,40847.926,32401.715,57062.03,215002.2,165442.34,40490.363,45504.746,98732.11,"PALEOZOIC","SEDIMENTARY"
5565518.0,-2050201.1,-354.0,-5.0E-4,65731.3,-263.0,-70.0,0.0743,13373.518,488099.38,147004.72,1.0,52001.543,72536.74,24861.186,220403.17,181849.34,48324.285,54807.535,122235.51,"PROTEROZOIC","PLUTONIC"
5505905.0,-1889768.1,-303.0,-6.0E-4,63602.7,-72.0,-56.0,0.0826,19961.29,497675.94,184190.45,1.0,60157.094,7658.958,27681.996,165909.48,118161.62,205206.44,17537.428,192436.45,"PROTEROZOIC","PLUTONIC"
5548159.5,-1935149.0,-276.0,7.0E-4,66629.2,-260.0,-14.0,0.0803,3885.0552,515131.4,175779.11,1.0,34569.895,7555.3203,18979.418,203173.8,174025.9,145060.16,38511.688,192626.5,"PROTEROZOIC","PLUTONIC"
5718469.0,-2254098.2,-219.0,0.0011,62201.1,-289.0,1.0,0.1314,11220.025,608478.06,150937.89,3.0,39223.105,23240.004,122325.016,92989.914,71315.23,105627.13,31096.453,130530.72,"PROTEROZOIC","PLUTONIC"
5681018.0,-2438255.0,-254.0,0.0011,64268.1,-266.0,-11.0,0.1064,23052.541,568848.56,115820.164,0.0,206343.44,107502.375,267456.88,41618.816,5771.911,27378.807,21751.678,59149.883,"PALEOZOIC","SEDIMENTARY"
5631456.0,-2285936.5,-334.0,0.0,59553.4,-234.0,-61.0,0.0961,22368.568,519884.16,103647.05,0.0,86894.516,40218.72,130314.06,145808.72,75736.02,51388.992,11273.827,78292.18,"PROTEROZOIC","PLUTONIC"
5656226.0,-2366669.0,-317.0,-1.0E-4,61612.3,-285.0,-60.0,0.0911,7257.975,542952.0,95256.84,5.0,157849.52,69707.984,210646.53,97237.93,37157.426,13287.644,93399.5,108898.47,"PROTEROZOIC","PLUTONIC"
5355077.0,-2272483.0,-332.0,0.0,68115.2,-111.0,-53.0,0.0307,2065.2744,244816.0,24001.434,45.0,46650.87,203642.55,64577.98,12490.057,9806.431,112740.25,98832.76,82306.266,"PROTEROZOIC","SEDIMENTARY"
5640981.0,-2217653.5,-353.0,-7.0E-4,62431.7,-235.0,-80.0,0.1033,22557.549,534339.8,65542.484,0.0,18951.867,70025.68,61458.395,170560.14,119162.72,23284.895,4690.518,62817.816,"PROTEROZOIC","PLUTONIC"
5508014.0,-1893050.0,-303.0,-6.0E-4,63602.7,-72.0,-56.0,0.0817,23827.602,497910.9,182407.19,0.0,57368.844,9508.716,27771.012,167595.62,121249.914,201306.8,19621.898,191180.9,"PROTEROZOIC","PLUTONIC"
5601029.5,-2401635.5,-382.0,-4.0E-4,63701.7,-241.0,-92.0,0.0535,15147.883,487345.66,31732.602,2.0,140841.73,131506.89,192412.4,31944.172,14183.192,9381.266,84361.42,72559.36,"PROTEROZOIC","PLUTONIC"
5501774.0,-1865181.1,-254.0,6.0E-4,57778.9,-72.0,-18.0,0.0869,13110.925,506728.3,204152.34,1.0,70696.51,11850.673,18288.691,166989.53,106016.72,228566.44,4892.653,210089.52,"PROTEROZOIC","PLUTONIC"
5819902.0,-2403873.2,-156.0,-3.0E-4,47484.2,-308.0,-51.0,0.1132,11840.963,706228.2,250255.5,1.0,218913.83,47688.785,303126.2,2011.2646,67849.47,94176.58,16646.75,199098.89,"PALEOZOIC","VOLCANIC"
5713286.0,-1952877.0,-163.0,9.0E-4,59560.2,-29.0,6.0,0.1108,4642.158,660288.1,278305.38,1.0,33970.69,3543.4902,73294.586,155881.84,334693.84,151272.2,46785.586,213617.78,"PROTEROZOIC","PLUTONIC"
5545739.5,-1999633.8,-341.0,-4.0E-4,70885.9,-267.0,-60.0,0.0738,15324.835,486926.16,140009.55,2.0,14743.449,42282.145,20851.447,198789.75,173081.72,93406.43,10759.207,163627.48,"PROTEROZOIC","SEDIMENTARY"
5448139.0,-2357795.5,-395.0,-4.0E-4,65811.8,-126.0,-87.0,0.0629,967.78796,335095.0,7177.137,17.0,60746.734,184351.1,68394.98,52258.44,40730.617,11570.517,10315.88,27734.732,"PROTEROZOIC","SEDIMENTARY"
5388309.5,-1997719.9,-367.0,-3.0E-4,67161.7,-154.0,-69.0,0.064,15191.939,343882.84,31800.621,2.0,68144.56,54253.117,43526.85,41348.008,58925.17,229252.7,8453.491,43800.58,"PROTEROZOIC","SEDIMENTARY"
5627596.0,-2142378.0,-350.0,-4.0E-4,65540.5,-264.0,-73.0,0.1003,33622.953,527843.94,72865.07,0.0,20997.482,44529.25,11728.2705,202849.9,193216.94,794.05414,7443.94,12598.253,"PROTEROZOIC","SEDIMENTARY"
5495612.0,-1889731.0,-311.0,-7.0E-4,63602.7,-33.0,-60.0,0.082,15270.315,488761.88,179373.72,1.0,63654.863,12611.95,36226.266,155721.27,108453.46,210749.27,11541.325,186313.72,"PROTEROZOIC","PLUTONIC"
5546084.5,-1921885.9,-267.0,5.0E-4,64306.8,-260.0,-16.0,0.0827,15807.196,518933.7,183231.0,1.0,25098.396,17063.76,19959.234,202236.67,167102.27,157929.62,27209.71,198595.31,"PROTEROZOIC","PLUTONIC"
5598671.5,-2064178.0,-337.0,-4.0E-4,63360.6,-263.0,-63.0,0.0871,7709.5083,515461.22,133882.0,1.0,52056.02,61188.867,6531.511,254717.03,212046.38,12465.419,22796.97,95957.734,"PROTEROZOIC","PLUTONIC"
5502936.0,-2399553.8,-387.0,4.0E-4,66528.7,-187.0,-71.0,0.04,3836.9663,389233.03,27634.453,18.0,84331.55,149175.83,99048.32,18171.191,33747.195,63643.09,25862.336,78620.32,"PALEOZOIC","VOLCANIC"
5674984.0,-1899761.1,-186.0,1.0E-4,46754.4,-36.0,-34.0,0.1018,4499.19,644911.06,300187.5,3.0,50815.36,26614.781,95795.98,182087.67,281290.28,177115.27,16300.554,255429.67,"PROTEROZOIC","PLUTONIC"
5627895.5,-2341905.0,-352.0,-4.0E-4,63714.9,-236.0,-80.0,0.079,5858.761,515143.34,86910.99,5.0,135760.0,67999.64,186363.73,94583.53,38190.39,20357.412,58978.76,82667.8,"PROTEROZOIC","PLUTONIC"
5520077.5,-2158114.0,-354.0,2.0E-4,64316.0,-154.0,-57.0,0.0525,18652.596,419204.12,70302.64,2.0,53465.094,30876.844,118569.59,183578.19,141357.56,35572.74,38616.414,105216.39,"PALEOZOIC","SEDIMENTARY"
5532401.0,-1901157.5,-279.0,-1.0E-4,57419.2,-260.0,-33.0,0.0836,11023.657,515641.4,189521.94,1.0,31999.053,6424.274,12535.652,190890.19,146943.39,182519.38,2621.2922,201688.23,"PROTEROZOIC","PLUTONIC"
5579357.0,-1917490.6,-238.0,7.0E-4,63382.0,-196.0,-3.0,0.0892,19736.592,550884.75,211049.31,1.0,7321.223,40839.258,33755.83,235788.0,196657.42,151442.12,43844.883,228400.66,"PALEOZOIC","PLUTONIC"
5446706.5,-1832574.1,-295.0,-7.0E-4,60760.4,-288.0,-61.0,0.0922,27293.297,480778.84,193469.62,0.0,28220.379,19352.906,37052.33,125067.305,43339.44,285561.1,63381.582,212227.84,"PROTEROZOIC","PLUTONIC"
5406959.5,-1802371.2,-298.0,-3.0E-4,71638.3,-288.0,-58.0,0.0971,35400.617,468127.7,198752.78,0.0,5667.591,23964.402,28047.287,109545.83,3077.3638,333537.72,111031.234,188940.23,"PALEOZOIC","SEDIMENTARY"
5654507.5,-2322060.8,-319.0,0.0,59989.4,-295.0,-57.0,0.1003,17962.75,542162.7,119647.29,1.0,116322.81,35910.504,166011.66,126369.484,42893.594,29724.305,54104.234,101320.55,"PROTEROZOIC","PLUTONIC"
5429295.0,-1811892.1,-292.0,-5.0E-4,68982.6,-288.0,-60.0,0.0966,46936.953,479833.56,200585.88,0.0,11057.06,31906.367,18704.652,120102.47,20997.639,312513.5,90327.06,203979.39,"PROTEROZOIC","PLUTONIC"
5633363.5,-2162940.2,-358.0,-6.0E-4,64144.0,-115.0,-79.0,0.1012,19753.87,531389.94,64010.25,1.0,2157.0576,47307.023,13350.869,189574.95,171978.02,13391.072,27674.92,8647.032,"PROTEROZOIC","PLUTONIC"
5666206.0,-2200032.8,-321.0,-5.0E-4,62985.3,-257.0,-62.0,0.1148,8252.456,560968.1,87359.766,2.0,3965.3826,50659.266,48599.133,147777.45,126363.16,30443.354,5636.5386,56079.133,"PROTEROZOIC","VOLCANIC"
5679605.0,-2026092.8,-230.0,3.0E-4,55282.4,-45.0,-13.0,0.1127,17527.281,603993.1,198013.78,1.0,27021.896,15800.082,933.3611,210657.38,296837.5,78068.664,74183.1,133297.31,"PROTEROZOIC","PLUTONIC"
5276412.0,-1912759.8,-366.0,0.0,66831.8,-157.0,-65.0,0.0629,1488.0348,297282.72,49204.17,34.0,25799.035,59792.867,55113.56,13760.056,86947.84,367404.7,126317.13,32764.795,"PROTEROZOIC","SEDIMENTARY"
5530768.5,-2152871.2,-359.0,0.0,64316.0,-154.0,-60.0,0.0534,12504.358,430470.06,65036.184,3.0,41940.68,20840.15,106787.14,195372.78,150602.84,29256.006,34416.227,94600.46,"PALEOZOIC","PLUTONIC"
5673706.0,-2406369.8,-285.0,5.0E-4,57500.5,-266.0,-33.0,0.0971,5884.2383,560096.0,104046.79,1.0,192220.39,87177.74,251692.67,70609.42,18550.357,25330.332,52526.75,78056.53,"PALEOZOIC","SEDIMENTARY"
5407016.5,-2001981.0,-361.0,-1.0E-4,65247.9,-119.0,-65.0,0.0653,24106.004,358965.3,44444.88,0.0,56028.387,47020.97,56864.707,60099.484,60580.32,210714.9,6575.7583,44060.5,"PALEOZOIC","VOLCANIC"
5400686.0,-2384298.2,-392.0,-7.0E-4,70628.9,-126.0,-91.0,0.0804,757.7506,287100.25,24515.52,72.0,67199.21,167748.52,16557.535,3814.8616,82474.164,13883.15,24876.941,38452.426,"PROTEROZOIC","SEDIMENTARY"
5637484.0,-2233296.0,-348.0,-6.0E-4,60315.1,-235.0,-76.0,0.101,33100.402,529529.06,69119.31,0.0,34623.918,65884.914,77334.02,173747.77,107603.1,30114.465,6502.36,77434.71,"PROTEROZOIC","PLUTONIC"
5571942.0,-2412060.2,-418.0,-0.001,66150.8,-202.0,-115.0,0.0575,13219.687,458542.4,6085.6226,8.0,115417.62,157725.88,161895.44,9025.138,40652.89,26668.129,89973.23,67301.7,"PROTEROZOIC","VOLCANIC"
5649604.5,-2351529.2,-333.0,-3.0E-4,63335.3,-187.0,-70.0,0.0893,9680.553,536646.94,96974.65,5.0,145884.86,62050.08,195260.39,101412.61,41360.867,3236.375,76950.664,106363.336,"PROTEROZOIC","PLUTONIC"
5661927.0,-2299781.8,-302.0,3.0E-4,58372.6,-307.0,-45.0,0.1099,11212.799,550044.75,132434.25,1.0,92858.586,13883.264,144457.69,148599.88,42436.86,53191.266,38736.57,106952.84,"PROTEROZOIC","PLUTONIC"
5591979.0,-2408129.2,-396.0,-6.0E-4,64206.1,-202.0,-100.0,0.0531,7205.576,478437.16,22384.941,3.0,134160.11,142210.86,182310.28,20805.584,21839.19,12837.543,84288.305,67073.05,"PROTEROZOIC","VOLCANIC"
5507199.0,-2400398.8,-390.0,2.0E-4,66528.7,-181.0,-75.0,0.0436,7528.906,393507.4,23485.014,20.0,84970.31,149709.78,102629.97,22368.07,36621.76,63477.547,29853.61,80600.28,"PALEOZOIC","SEDIMENTARY"
5387655.0,-1744606.4,-259.0,0.0,55979.0,-149.0,-52.0,0.1155,30399.168,489021.2,244594.77,0.0,48519.258,36390.1,18911.281,112204.49,59129.496,391483.66,137428.22,211148.94,"PROTEROZOIC","VOLCANIC"
5555888.0,-2412138.8,-418.0,-8.0E-4,67593.8,-202.0,-112.0,0.0607,1319.0754,442503.72,14912.043,11.0,102888.42,157065.36,146090.4,21055.203,56347.37,39442.55,76728.91,65407.645,"PROTEROZOIC","VOLCANIC"
5303219.5,-1772852.5,-332.0,3.0E-4,64648.6,-200.0,-43.0,0.0697,17951.79,407719.8,169239.44,1.0,44577.574,36611.742,54595.246,24118.355,110934.414,325896.44,66693.39,140438.28,"PROTEROZOIC","PLUTONIC"
5673706.0,-2406369.8,-285.0,5.0E-4,57500.5,-266.0,-33.0,0.0971,5884.2383,560096.0,104046.79,1.0,192220.39,87177.74,251692.67,70609.42,18550.357,25330.332,52526.75,78056.53,"PALEOZOIC","SEDIMENTARY"
5350109.0,-1854792.5,-371.0,-7.0E-4,65356.1,-173.0,-77.0,0.0789,7679.3755,391045.6,131411.9,1.0,21061.709,522.71387,27115.645,32868.164,39705.383,336130.4,104938.76,114077.2,"PALEOZOIC","VOLCANIC"
5409633.5,-1813363.9,-304.0,-2.0E-4,69250.5,-288.0,-56.0,0.0946,34475.113,463450.88,189915.48,0.0,16092.35,17832.525,34193.344,103807.266,2460.452,323259.62,100523.71,185793.3,"PALEOZOIC","SEDIMENTARY"
5438308.0,-2462967.2,-431.0,-0.001,71915.9,-129.0,-114.0,0.0818,7114.527,327922.72,28279.432,12.0,4856.4243,81377.805,34702.914,16276.094,47225.652,65306.62,13570.63,27161.674,"PALEOZOIC","SEDIMENTARY"
5555637.0,-2412785.8,-418.0,-8.0E-4,67593.8,-202.0,-112.0,0.0607,1968.3143,442279.2,15400.279,10.0,102270.98,156372.4,145722.44,21041.223,56459.89,39201.176,76884.77,64762.977,"PROTEROZOIC","VOLCANIC"
5467854.5,-1844119.5,-255.0,4.0E-4,56440.9,-319.0,-27.0,0.0904,17499.14,490529.8,199010.47,1.0,37862.906,17569.754,31865.29,141189.69,66995.3,264110.3,41715.617,213099.72,"PROTEROZOIC","PLUTONIC"
5660909.5,-2379854.5,-311.0,1.0E-4,61612.3,-285.0,-54.0,0.0922,9630.39,547359.6,95038.13,3.0,169101.4,76321.1,224098.73,94820.914,32624.31,1439.8287,81153.68,97278.37,"PROTEROZOIC","PLUTONIC"
5550082.5,-2058537.8,-350.0,-1.0E-4,67133.8,-263.0,-60.0,0.067,14103.661,470800.06,135236.9,1.0,44745.938,59027.926,42244.594,205801.53,164996.06,57335.58,60780.348,123760.08,"PROTEROZOIC","PLUTONIC"
5589780.5,-2065755.6,-350.0,-4.0E-4,62655.9,-263.0,-68.0,0.0828,13257.938,506485.72,131289.05,1.0,56830.32,68028.86,14522.138,246080.36,203026.84,19618.66,26914.525,97748.29,"PROTEROZOIC","PLUTONIC"
5305406.0,-1973143.1,-383.0,-5.0E-4,69752.4,-142.0,-84.0,0.0518,7596.0303,283322.22,23590.908,16.0,15820.25,81131.88,64484.547,9215.389,56470.594,312926.66,80666.695,77581.62,"PROTEROZOIC","VOLCANIC"
5364314.5,-1749758.4,-287.0,3.0E-4,72974.3,-149.0,-43.0,0.1073,24617.9,468073.28,226205.28,0.0,35863.363,35912.64,4626.1133,88303.414,67856.25,380117.47,114917.195,192152.17,"PROTEROZOIC","PLUTONIC"
5570197.5,-2422195.0,-428.0,-0.0012,67593.8,-202.0,-123.0,0.0599,18100.209,457297.25,15785.136,2.0,108231.91,154039.84,158734.25,5119.055,40275.07,22063.53,90831.0,57041.73,"PROTEROZOIC","VOLCANIC"
5513501.5,-1993143.2,-326.0,4.0E-4,68710.7,-267.0,-38.0,0.0671,1651.1788,459401.7,113648.35,2.0,22335.17,53381.64,49988.46,166484.53,145840.27,122226.586,13577.152,134908.56,"PROTEROZOIC","PLUTONIC"
5621423.5,-2367166.2,-375.0,-8.0E-4,62692.8,-187.0,-97.0,0.0686,14463.634,508146.4,64963.707,2.0,138471.45,91813.92,212151.88,70534.62,12114.638,11943.124,79477.14,92424.68,"PROTEROZOIC","PLUTONIC"
5513069.0,-1895028.4,-308.0,-7.0E-4,58017.9,-72.0,-54.0,0.0814,23116.082,501387.1,183357.5,0.0,52028.1,8848.229,24688.908,172412.5,126675.94,197026.8,14788.1875,192898.86,"PROTEROZOIC","PLUTONIC"
5330773.5,-1839714.0,-374.0,-5.0E-4,65442.0,-190.0,-78.0,0.0817,22350.342,385128.88,136134.11,0.0,7806.868,6028.4785,20532.65,42443.734,63299.867,360648.06,129286.195,104766.69,"PALEOZOIC","VOLCANIC"
5574230.5,-2420638.5,-428.0,-0.0012,66150.8,-202.0,-123.0,0.0599,14232.362,461236.2,14936.327,1.0,112471.0,157296.14,162919.22,1003.5129,36648.21,19748.588,88456.84,59632.133,"PROTEROZOIC","VOLCANIC"
5479046.0,-2462432.8,-419.0,-2.0E-4,71908.1,-163.0,-95.0,0.0379,4421.3154,368565.25,8548.156,41.0,17080.262,82121.79,70331.914,16862.041,82248.97,65504.07,46172.3,36527.703,"PROTEROZOIC","VOLCANIC"
5534082.5,-2414795.8,-414.0,-5.0E-4,69408.4,-181.0,-100.0,0.0594,9064.129,420836.56,17867.982,10.0,85758.07,145584.69,124186.195,41532.375,64993.527,53999.152,60181.926,63807.477,"PROTEROZOIC","PLUTONIC"
5447012.5,-1817795.4,-300.0,-0.0012,60113.8,-288.0,-75.0,0.0965,28267.164,490136.8,205425.42,0.0,13630.847,34115.484,22834.963,131893.33,39650.848,297560.84,75247.22,217728.11,"PROTEROZOIC","PLUTONIC"
5523653.0,-1895382.0,-295.0,-4.0E-4,58017.9,-72.0,-45.0,0.0827,13002.99,510541.6,188933.98,1.0,41587.926,4392.069,16115.542,182915.22,136764.52,191610.23,7503.1445,199687.94,"PROTEROZOIC","PLUTONIC"
5647052.0,-2195615.2,-349.0,-7.0E-4,64799.3,-115.0,-79.0,0.1059,20840.527,542257.56,68144.97,0.0,6298.524,69793.27,39346.934,167425.62,136554.9,13763.446,9655.34,44065.332,"PROTEROZOIC","SEDIMENTARY"
5595768.0,-1986262.1,-289.0,0.0,57463.8,-260.0,-32.0,0.0897,13879.577,538474.6,191577.92,1.0,18675.234,33481.72,30917.898,248735.69,224741.44,80756.96,22028.082,171033.23,"PALEOZOIC","PLUTONIC"
5318906.0,-2472685.0,-258.0,-2.0E-4,54312.5,-107.0,-32.0,0.0368,1830.1555,209260.92,72162.8,49.0,49238.098,155549.7,18362.273,44284.695,7176.4814,12171.526,88295.38,18587.842,"PALEOZOIC","SEDIMENTARY"
5293633.0,-3023152.5,-337.0,-2.0E-4,71607.2,-118.0,-44.0,0.0253,7849.032,225620.62,9578.379,7.0,33186.875,159944.58,63547.43,28069.797,1864.948,87738.49,89722.305,169475.3,"PROTEROZOIC","SEDIMENTARY"
5179118.5,-3066210.5,-125.0,0.0015,50114.2,-61.0,50.0,0.032,10032.906,132230.86,113514.47,4.0,109201.41,136457.33,57050.863,1698.5211,42640.457,100897.96,148693.39,239667.53,"PROTEROZOIC","PLUTONIC"
5198657.0,-3018179.2,-135.0,0.0017,54517.3,-58.0,57.0,0.0423,9051.474,134167.48,85532.3,3.0,58323.918,188083.75,22480.23,25859.625,56724.812,52745.516,98085.44,201201.17,"PROTEROZOIC","PLUTONIC"
5179556.5,-2584906.2,26.0,0.0031,43382.0,-43.0,76.0,0.0229,4206.974,76475.79,195871.33,23.0,216666.3,281969.44,59661.418,106150.02,8304.498,4971.2666,198316.34,138780.25,"PROTEROZOIC","METAMORPHIC"
5158852.0,-3669396.0,-426.0,-0.0063,62807.1,-74.0,-231.0,0.033,101.44279,214138.34,53848.3,597.0,679659.2,141363.05,215598.05,3149.0269,42424.188,51430.92,265878.75,211496.92,"PALEOZOIC","VOLCANIC"
5260318.5,-2933340.2,-242.0,8.0E-4,66269.1,-19.0,16.0,0.0359,19918.389,181728.55,80667.0,1.0,25004.07,207947.86,82716.13,97012.69,47730.117,48905.4,5551.595,104335.63,"PALEOZOIC","VOLCANIC"
5076229.5,-3514858.5,-30.0,0.0023,44768.0,-37.0,81.0,0.0283,3180.2874,113500.29,223484.83,52.0,569355.9,314755.34,112543.266,61065.836,32510.049,185194.88,411256.72,101331.195,"PROTEROZOIC","VOL_SEDIMENTARY"
5125345.0,-3568923.5,-115.0,0.0021,52655.1,-63.0,67.0,0.0344,3675.3013,167861.81,151293.38,53.0,597574.56,247205.03,126706.65,19672.04,75332.82,125548.87,340225.28,116315.78,"PROTEROZOIC","PLUTONIC"
5082531.0,-3649782.0,-11.0,0.0018,42025.1,-32.0,74.0,0.0282,101.49317,136387.2,131174.33,151.0,688783.7,193297.66,217646.7,1164.9114,94486.086,50980.977,344525.44,206942.48,"PALEOZOIC","UNDIFFERENT"
5202922.0,-2692588.0,-44.0,0.0025,47156.4,-73.0,75.0,0.0251,2049.9304,111469.75,142312.89,17.0,243686.39,296469.1,29934.72,35720.312,9341.628,28034.549,112057.07,106350.01,"PROTEROZOIC","SEDIMENTARY"
5087297.0,-3436799.5,-50.0,0.0023,43348.8,-42.0,84.0,0.0312,3079.509,116918.164,286145.78,36.0,490749.5,243869.48,75972.79,112321.016,22486.668,140029.72,350855.56,49149.547,"PALEOZOIC","UNDIFFERENT"
5297121.0,-2679082.2,-317.0,-0.0011,59631.3,-68.0,-85.0,0.0229,6415.162,201800.81,49182.836,15.0,250609.53,211614.45,62737.836,58325.324,17754.191,8036.1587,77942.234,86980.71,"PROTEROZOIC","VOL_SEDIMENTARY"
5313313.0,-2149648.8,-292.0,0.0,68612.4,-125.0,-28.0,0.0285,3439.75,217591.14,4922.398,31.0,50997.594,136861.52,50971.61,6740.0913,14952.506,216809.16,53308.957,90365.57,"PROTEROZOIC","SEDIMENTARY"
5202676.0,-2237378.5,12.0,0.0017,42700.7,-60.0,73.0,0.0338,7541.803,95940.875,144798.88,7.0,55792.344,277215.72,52147.33,31714.613,13408.297,200001.28,53289.5,72169.89,"PALEOZOIC","UNDIFFERENT"
5112275.0,-3147953.8,-6.0,0.0029,42113.9,-66.0,84.0,0.0371,591.2282,100932.7,212462.73,19.0,207402.84,42044.22,151947.44,76199.57,8228.876,198216.56,244540.94,160177.86,"PROTEROZOIC","VOL_SEDIMENTARY"
5184546.5,-2454392.8,11.0,0.0011,35879.1,-41.0,30.0,0.0184,3127.8982,74082.06,190000.61,13.0,88238.57,287316.97,84366.8,40352.66,10754.601,76120.13,90161.68,56439.508,"PROTEROZOIC","METAMORPHIC"
5104435.0,-3238379.0,-28.0,0.0031,47535.0,-84.0,93.0,0.0525,4968.747,115662.39,280505.16,17.0,294740.6,48720.258,192062.1,75400.06,19069.91,194151.1,248093.44,77365.336,"PALEOZOIC","UNDIFFERENT"
5114067.0,-3616832.5,-38.0,0.0028,44366.3,-56.0,104.0,0.0334,1076.5444,162767.8,121456.41,153.0,646129.1,206112.28,175705.38,11501.85,100282.164,91322.35,326972.47,165445.38,"PALEOZOIC","SEDIMENTARY"
5214796.5,-2035644.2,-105.0,0.002,56520.3,-107.0,65.0,0.0448,3766.4324,173248.12,78088.195,18.0,15046.239,88515.7,35594.598,1336.6201,128614.5,361487.78,130206.164,43262.934,"PROTEROZOIC","VOLCANIC"
5297290.0,-1999083.6,-443.0,-0.0032,70639.6,-136.0,-152.0,0.0549,1815.1521,262385.84,12959.39,22.0,42332.15,85818.58,53769.055,3295.297,70706.07,307756.62,69052.62,56197.3,"PROTEROZOIC","SEDIMENTARY"
5198725.0,-2818654.8,-96.0,0.0015,48587.0,-46.0,52.0,0.0247,13769.2295,114276.96,145360.48,6.0,117946.65,319068.03,147274.73,42349.24,28617.768,31.13761,75434.8,16634.473,"PROTEROZOIC","PLUTONIC"
5265478.0,-2929858.0,-264.0,6.0E-4,66269.1,-19.0,6.0,0.0347,14730.54,186888.2,75589.61,1.0,29666.002,204533.03,88418.36,102095.42,42733.336,44218.035,6191.01,98255.57,"PALEOZOIC","VOLCANIC"
5289955.5,-2075403.8,-306.0,-2.0E-4,68692.8,-113.0,-41.0,0.0205,7498.713,221741.58,21221.965,24.0,53018.555,119056.46,1798.8708,19659.861,48098.574,277679.25,56079.453,12535.458,"PROTEROZOIC","SEDIMENTARY"
5154972.5,-3077148.2,-75.0,0.0016,45449.8,-61.0,49.0,0.0235,9552.572,114008.586,140009.69,6.0,125807.38,119017.23,83383.4,21573.45,20618.32,116811.016,171464.38,226877.12,"PALEOZOIC","PLUTONIC"
5285735.0,-2028263.4,-356.0,-7.0E-4,69645.6,-128.0,-76.0,0.0429,6049.2153,238162.22,17036.176,29.0,66427.47,98619.984,22553.908,14186.128,61919.863,303354.25,69875.3,35264.55,"PROTEROZOIC","SEDIMENTARY"
5088754.5,-3470984.8,-41.0,0.0026,45143.0,-43.0,94.0,0.0305,3523.024,121704.29,254683.8,25.0,523836.6,275100.0,81211.65,82760.98,17304.693,150931.83,373348.7,62894.81,"PALEOZOIC","UNDIFFERENT"
5180561.0,-2810453.8,-72.0,0.0013,46878.2,-46.0,37.0,0.0222,7466.8115,96112.91,163587.36,11.0,124871.26,338529.4,143942.28,27973.955,8690.983,7908.0234,90130.92,113.83619,"PROTEROZOIC","PLUTONIC"
5306916.5,-2552197.5,-231.0,1.0E-4,57132.5,-93.0,-24.0,0.0357,1634.1647,201783.88,118080.99,30.0,128122.234,151657.89,83387.195,107421.36,5577.627,3054.3037,134569.2,60484.965,"PALEOZOIC","VOLCANIC"
5096103.0,-3615722.5,-12.0,0.003,41554.3,-32.0,113.0,0.0322,2206.8562,144808.4,136044.53,145.0,652142.56,214957.62,180995.4,4908.526,116933.04,86808.35,343812.66,170279.1,"PROTEROZOIC","PLUTONIC"
5094161.0,-3687962.8,-29.0,0.0014,39233.7,-34.0,69.0,0.0272,1397.5413,151199.66,110878.375,184.0,719543.44,156212.77,196295.17,4461.393,67563.22,20859.979,323593.78,239306.48,"PROTEROZOIC","VOL_SEDIMENTARY"
5262754.0,-3076947.2,-289.0,4.0E-4,68755.2,-97.0,-15.0,0.0324,1880.9253,213966.27,58067.86,6.0,94802.88,155340.83,2011.0973,37232.754,53999.566,96907.54,136461.8,217521.77,"PROTEROZOIC","SEDIMENTARY"
5383113.0,-2535459.5,-317.0,1.0E-4,54747.1,-119.0,-50.0,0.048,9306.749,276912.44,40188.293,15.0,84923.75,75382.836,44374.445,49913.52,6654.642,4723.3726,70756.87,54403.75,"PROTEROZOIC","SEDIMENTARY"
5171217.0,-3089923.8,-123.0,0.0014,55834.9,-61.0,45.0,0.0344,4806.317,133876.48,131229.92,10.0,133986.55,111472.95,73156.98,7515.1245,38771.125,125474.9,173061.53,215197.27,"PROTEROZOIC","PLUTONIC"
5250940.0,-2342508.8,-111.0,8.0E-4,43920.9,-94.0,24.0,0.0362,6842.803,138257.23,105971.516,9.0,37507.93,287595.5,60901.453,21678.488,13645.202,84412.87,58092.973,40854.97,"PALEOZOIC","SEDIMENTARY"
5207750.5,-2334520.8,-10.0,0.0015,41626.7,-75.0,53.0,0.0076,4962.6865,95243.1,145659.5,9.0,34377.727,325162.06,89225.68,3445.7705,21050.225,116983.875,85370.35,39191.332,"PALEOZOIC","SEDIMENTARY"
5203446.0,-2260640.5,-2.0,0.0012,43235.0,-54.0,54.0,0.029,6399.9487,94735.586,154463.8,8.0,32582.078,292987.3,60313.867,30864.938,11698.166,179034.11,75321.766,51290.176,"PROTEROZOIC","METAMORPHIC"
5080769.0,-3348913.8,9.0,0.0032,41980.1,-50.0,108.0,0.024,1038.2394,101715.67,370206.72,27.0,407324.9,160886.67,121871.69,105693.83,43500.695,151603.47,305711.56,21041.068,"PALEOZOIC","UNDIFFERENT"
5075991.0,-3333209.2,22.0,0.0035,42479.0,-50.0,117.0,0.0198,1096.7018,95347.055,373585.06,33.0,393721.5,145665.17,136851.75,107912.66,50568.797,162081.5,302929.84,4834.979,"PALEOZOIC","SEDIMENTARY"
5267019.5,-2042945.8,-298.0,-1.0E-4,67761.3,-128.0,-38.0,0.0302,1311.5033,214908.27,32196.422,30.0,44313.246,102427.0,15695.536,2504.271,75906.37,313074.47,83062.89,21613.193,"PROTEROZOIC","PLUTONIC"
5364201.5,-2496023.2,-259.0,0.0012,61478.8,-113.0,-1.0,0.0304,1531.7732,255802.56,48692.38,66.0,59551.094,104603.9,44560.227,29019.385,29594.186,17245.406,56284.574,23247.693,"PALEOZOIC","SEDIMENTARY"
5089742.5,-3212579.2,-13.0,0.0028,42849.8,-49.0,76.0,0.0383,4116.4106,98168.414,271524.8,52.0,275675.16,24286.697,195549.28,100610.33,30576.604,221498.61,260582.61,106790.89,"PROTEROZOIC","VOL_SEDIMENTARY"
5329285.0,-2569304.0,-250.0,4.0E-4,55465.0,-93.0,-26.0,0.0356,173.29964,225083.02,101396.34,28.0,138951.8,131823.81,104213.86,109218.74,24913.71,16066.737,129540.75,75874.09,"PALEOZOIC","SEDIMENTARY"
5286862.0,-2047664.1,-329.0,-3.0E-4,69063.6,-128.0,-55.0,0.0321,1764.6396,230820.66,14897.099,29.0,63410.637,115505.9,6523.6396,15083.809,55553.68,293197.78,62781.36,15889.615,"PALEOZOIC","SEDIMENTARY"
5435489.5,-2543728.5,-402.0,-5.0E-4,70583.3,-116.0,-95.0,0.078,6805.9336,329672.56,6124.3306,9.0,74131.195,22808.924,15929.677,220.34464,55837.43,54451.86,74074.74,53557.38,"PROTEROZOIC","SEDIMENTARY"
5362561.5,-2499461.8,-259.0,0.0012,61478.8,-113.0,-1.0,0.0304,2891.2048,254359.67,51608.996,67.0,63176.97,104640.15,47552.688,32821.586,29167.56,18424.545,59263.598,22146.863,"PROTEROZOIC","METAMORPHIC"
5200406.0,-2969564.5,-114.0,0.0018,51550.1,-82.0,64.0,0.04,16326.91,122698.03,99223.24,2.0,10268.866,235135.12,38163.105,37079.004,53538.28,10135.778,65034.55,155245.95,"PROTEROZOIC","METAMORPHIC"
5279053.0,-3032606.8,-322.0,0.0,69870.2,-118.0,-34.0,0.0301,1568.8453,214860.05,10895.615,12.0,47629.34,175387.78,48371.805,26088.406,16425.316,97080.805,94301.12,182436.06,"PROTEROZOIC","SEDIMENTARY"
5138065.5,-3409436.2,-201.0,4.0E-4,61569.2,-61.0,4.0,0.0391,6188.643,164774.67,295936.03,9.0,448378.0,199702.31,38558.242,67724.46,23448.6,85150.77,294985.2,19896.672,"PROTEROZOIC","METAMORPHIC"
5091380.5,-3461031.2,-43.0,0.0025,57994.5,-43.0,92.0,0.0318,4675.825,123346.664,262443.34,23.0,513556.3,264880.2,75275.6,89337.94,15781.264,144234.77,364439.66,54634.633,"PROTEROZOIC","VOL_SEDIMENTARY"
5194787.0,-2869566.2,-69.0,0.0019,45466.4,-39.0,65.0,0.0248,3665.552,113365.66,158637.33,9.0,67104.53,294632.2,136152.84,33339.72,41253.94,30461.76,92970.42,60208.84,"PALEOZOIC","UNDIFFERENT"
5204331.5,-2244971.8,12.0,0.0017,42700.7,-60.0,73.0,0.0332,5940.885,96946.66,148222.78,9.0,48275.504,281240.97,53500.13,29878.598,11060.201,192464.14,59963.664,64569.28,"PALEOZOIC","VOLCANIC"
5152143.0,-3132155.0,-124.0,9.0E-4,54572.0,-100.0,31.0,0.047,7156.346,132175.98,171265.17,14.0,179363.48,65534.133,109870.39,34931.375,27992.088,170614.23,210840.45,171818.08,"PALEOZOIC","VOLCANIC"
5104600.0,-3307089.2,-25.0,0.0032,43813.9,-77.0,107.0,0.0464,9011.128,121116.31,336083.88,16.0,360629.94,115677.945,144027.7,75317.664,24458.422,151483.98,266179.9,12093.504,"PALEOZOIC","UNDIFFERENT"
5078780.0,-3449102.5,-30.0,0.0024,44663.7,-42.0,84.0,0.0291,757.60913,109642.32,278710.4,32.0,504666.22,258447.9,85113.52,106278.26,29609.121,151670.72,365402.03,60422.895,"PALEOZOIC","UNDIFFERENT"
5159176.5,-2914132.5,-7.0,0.0027,42183.0,-48.0,75.0,0.0171,10390.142,80586.46,165625.53,5.0,30707.648,279475.44,106820.43,4523.044,11268.402,23184.693,102881.664,91320.81,"PROTEROZOIC","SEDIMENTARY"
5141913.5,-3509477.8,-166.0,0.0015,65341.3,-74.0,37.0,0.032,1386.5319,178351.5,198477.69,73.0,536447.2,291446.97,65295.27,26618.865,40598.652,134757.44,363411.4,54667.566,"PROTEROZOIC","PLUTONIC"
5088655.5,-3591628.2,-4.0,0.0029,43828.7,-30.0,110.0,0.0322,2050.0718,134357.4,157210.56,112.0,633319.1,239773.78,162661.2,3680.4172,95873.19,109455.67,360810.16,151585.67,"PROTEROZOIC","PLUTONIC"
5219373.0,-2212112.8,5.0,0.0026,43153.3,-60.0,114.0,0.0373,4417.3096,114719.914,116684.68,15.0,82602.45,247901.3,26553.11,14360.953,620.68134,216906.22,24702.473,92181.16,"MESOZOIC","VOL_SEDIMENTARY"
5101130.0,-3503059.2,-54.0,0.0027,51591.2,-74.0,96.0,0.031,2443.3872,137137.38,220519.14,41.0,548509.75,300347.78,85552.19,50915.574,6552.4053,158380.53,388841.3,74225.38,"PROTEROZOIC","PLUTONIC"
5149819.5,-2841879.8,6.0,0.0029,42084.2,-41.0,55.0,0.0176,5572.114,66497.875,195973.28,16.0,98635.25,347382.5,175417.34,8740.387,9413.221,35916.723,127735.0,18466.35,"PROTEROZOIC","METAMORPHIC"
5182972.0,-2972069.8,-81.0,0.0017,47099.1,-56.0,59.0,0.0301,8115.0635,105787.8,113158.72,3.0,19096.082,227718.4,46661.477,19622.559,36299.508,9994.641,81942.43,152662.94,"PALEOZOIC","SEDIMENTARY"
5229809.0,-3115113.5,-259.0,7.0E-4,65923.1,-127.0,-1.0,0.0343,3434.5217,197642.64,106962.586,7.0,142496.58,107706.125,41764.027,44064.723,70518.51,127054.38,149715.47,205513.0,"PROTEROZOIC","METAMORPHIC"
5185291.5,-2168176.8,16.0,0.0017,33901.7,-59.0,79.0,0.0343,346.208,90417.51,134147.1,17.0,92711.99,219296.86,50803.8,30279.85,44550.973,270194.7,38322.246,121209.21,"MESOZOIC","VOL_SEDIMENTARY"
5240354.5,-2469741.0,-59.0,0.002,45264.2,-63.0,66.0,0.0269,6648.24,130668.28,139477.16,7.0,96261.17,229497.77,50068.504,43593.68,2019.5913,21070.61,69158.44,50728.934,"PALEOZOIC","SEDIMENTARY"
5066994.0,-3586848.5,18.0,0.0027,41312.4,-30.0,95.0,0.029,2528.686,112264.07,176763.31,342.0,638620.44,254409.75,170370.66,13455.435,97021.836,114149.875,382348.72,159010.88,"PROTEROZOIC","PLUTONIC"
5274494.5,-2567826.2,-179.0,3.0E-4,55122.0,-83.0,-9.0,0.0312,8723.846,170296.78,140675.89,11.0,154113.25,185552.33,83280.25,110964.35,19792.912,25339.934,165535.67,74188.34,"PALEOZOIC","VOLCANIC"
5090863.0,-3234572.5,-13.0,0.003,47535.0,-49.0,85.0,0.0442,3706.8875,102090.31,286561.25,26.0,295683.7,46100.836,202864.64,89400.77,32065.475,207242.34,261078.25,85898.94,"PALEOZOIC","UNDIFFERENT"
5187773.0,-2686839.2,-12.0,0.0032,51459.7,-45.0,91.0,0.0248,2591.0916,95543.25,157448.81,22.0,248564.58,306853.1,40641.293,50874.746,24886.979,11944.496,125759.63,118714.06,"PROTEROZOIC","SEDIMENTARY"
5156622.0,-2594170.2,55.0,0.0036,35950.5,-43.0,66.0,0.0231,6205.8486,54101.477,211278.17,39.0,230684.08,306101.38,69317.125,113888.125,18610.805,20482.57,216654.23,162398.5,"PALEOZOIC","VOLCANIC"
5295288.5,-3008983.8,-348.0,-3.0E-4,71607.2,-118.0,-51.0,0.0236,19755.605,223350.55,17905.111,1.0,19515.602,157859.33,71044.88,42018.934,8690.26,92366.27,77645.14,155316.22,"PROTEROZOIC","SEDIMENTARY"
5396071.0,-2360701.5,-379.0,-3.0E-4,68257.9,-123.0,-80.0,0.0745,1257.2045,282977.38,651.943,61.0,55283.8,191533.73,38732.96,22092.158,76473.67,30308.879,43042.258,14844.534,"PROTEROZOIC","SEDIMENTARY"
5164768.5,-3669305.5,-426.0,-0.0063,62807.1,-74.0,-231.0,0.0334,272.6613,220028.97,48973.6,609.0,677708.1,139968.08,211413.19,4719.336,36521.562,46470.535,260303.72,211455.94,"PROTEROZOIC","VOLCANIC"
5296887.0,-2675234.2,-317.0,-0.0011,59631.3,-68.0,-85.0,0.0229,4948.9673,200890.7,50359.13,15.0,247248.25,209320.2,61304.125,58025.887,18977.127,5430.6655,81556.6,90452.52,"PROTEROZOIC","VOL_SEDIMENTARY"
4098824.2,-476802.6,21.0,0.0023,42025.2,-74.0,117.0,0.0264,4001.0203,178708.56,318370.84,2.0,235869.08,5115.446,130676.93,82881.664,78122.51,7268.7246,24160.75,43989.664,"PROTEROZOIC","METAMORPHIC"
4117845.5,-385018.62,-70.0,0.0013,44228.2,-62.0,27.0,0.0225,30812.205,187163.73,236589.64,0.0,144210.0,83713.09,87012.6,73877.36,102635.96,47006.1,65436.875,9687.171,"PALEOZOIC","SEDIMENTARY"
4152783.2,-412512.25,-157.0,-3.0E-4,54607.8,-78.0,-26.0,0.0207,7070.3223,225478.95,234510.6,4.0,174540.23,69703.93,92497.53,33372.66,71700.67,48828.848,37343.543,9608.591,"PROTEROZOIC","VOLCANIC"
4181995.2,-479796.75,-173.0,-6.0E-4,51596.6,-56.0,-32.0,0.014,7803.201,261923.86,277884.22,3.0,183969.28,35905.82,56623.934,5228.9165,3521.8213,53950.312,11458.514,70917.1,"PALEOZOIC","VOLCANIC"
4212284.0,-323297.84,-246.0,-0.0016,58951.7,-75.0,-87.0,0.0148,7843.9355,272988.9,127646.35,9.0,80793.04,72615.98,12132.867,23991.955,13340.333,12643.297,760.4197,4203.3623,"PROTEROZOIC","VOLCANIC"
4160193.8,-353875.44,-156.0,2.0E-4,50800.4,-98.0,-23.0,0.0168,9350.635,225014.44,185701.98,3.0,115451.664,91770.91,38065.562,38222.215,50102.414,50247.59,23465.438,4111.6597,"PALEOZOIC","VOLCANIC"
4147289.0,-359513.9,-124.0,8.0E-4,50256.5,-62.0,0.0,0.0184,11771.057,212913.42,198537.92,2.0,123348.57,102156.74,48955.4,51271.84,63776.258,63465.03,36885.816,9494.256,"PALEOZOIC","VOLCANIC"
4242380.0,-300558.75,-234.0,-0.0012,60998.6,-75.0,-75.0,0.0175,5577.352,300088.8,91237.61,7.0,61948.33,87407.28,35730.17,30786.664,36428.305,20040.582,27313.137,6135.357,"PALEOZOIC","VOLCANIC"
4156579.2,-353143.7,-156.0,2.0E-4,50800.4,-98.0,-23.0,0.0173,9180.578,221337.7,187838.08,2.0,115276.31,95401.28,38831.96,41780.832,52515.863,53857.18,25645.299,5579.873,"PROTEROZOIC","SEDIMENTARY"
4124288.8,-397708.44,-66.0,0.0014,44740.2,-62.0,34.0,0.023,16587.111,195253.61,242034.27,1.0,157397.4,74927.56,93531.99,64124.17,98075.91,37160.758,67694.27,950.9507,"PROTEROZOIC","PLUTONIC"
4188527.0,-311224.62,-195.0,-7.0E-4,58942.7,-128.0,-44.0,0.0143,6695.7085,247937.48,135377.77,5.0,69178.83,95487.4,7693.3115,32490.104,11442.262,39056.457,11648.04,14692.472,"PROTEROZOIC","SEDIMENTARY"
4163673.5,-337315.28,-148.0,2.0E-4,52338.5,-128.0,-17.0,0.0159,8208.103,226449.61,170951.0,2.0,98559.484,96137.8,21505.082,34443.0,38426.46,49378.44,12861.136,2921.892,"PALEOZOIC","VOLCANIC"
4151809.2,-346175.2,-121.0,8.0E-4,52338.5,-128.0,0.0,0.0174,6480.712,215753.73,185105.64,2.0,109338.67,102493.195,35445.06,46082.875,52935.812,59043.4,26358.936,8628.833,"PALEOZOIC","VOLCANIC"
4174773.8,-355508.47,-178.0,-1.0E-4,51971.3,-98.0,-37.0,0.0165,6797.6724,239684.8,176631.97,4.0,114937.57,77722.6,31425.807,23715.02,41203.492,35739.08,18560.076,484.5082,"PROTEROZOIC","SEDIMENTARY"
4157394.5,-357285.88,-156.0,2.0E-4,50800.4,-98.0,-22.0,0.0176,12970.3,222651.7,190082.05,3.0,119238.484,93200.555,42269.77,41125.367,54434.992,53201.246,27864.87,1358.7415,"PROTEROZOIC","VOLCANIC"
4158472.8,-368027.2,-166.0,-1.0E-4,54631.4,-98.0,-31.0,0.0183,18058.605,225139.67,196919.39,1.0,129702.51,89191.27,50453.145,40254.12,61190.883,54045.188,35872.387,9374.82,"PROTEROZOIC","VOLCANIC"
4129434.5,-391047.88,-102.0,7.0E-4,44740.2,-62.0,7.0,0.0224,21822.475,199457.8,233683.23,0.0,151404.64,83259.98,85162.85,61197.72,97886.85,45453.523,68755.5,4967.733,"PALEOZOIC","VOLCANIC"
4126106.2,-400460.2,-102.0,6.0E-4,44740.2,-76.0,9.0,0.023,13339.195,197424.44,242731.47,1.0,160326.75,73466.8,94956.56,60981.22,94778.1,35638.586,64516.746,3919.5735,"PROTEROZOIC","PLUTONIC"
4150098.2,-402475.5,-165.0,-6.0E-4,49999.8,-78.0,-35.0,0.0206,4170.213,221469.69,228289.58,5.0,165012.25,78210.72,84438.78,39188.64,82040.055,51166.24,47156.695,10540.501,"PALEOZOIC","VOLCANIC"
4166581.8,-471373.6,-154.0,-2.0E-4,53042.9,-56.0,-14.0,0.0166,2918.1296,246338.19,276985.0,3.0,198806.61,38792.867,73670.86,17186.57,14387.206,69232.7,2512.4084,56487.977,"PROTEROZOIC","VOLCANIC"
4231232.5,-360057.9,-234.0,-0.0013,50244.5,-89.0,-88.0,0.0156,10415.531,296276.84,148506.9,5.0,120536.1,31259.855,2173.9639,2592.1733,25871.89,20775.771,15580.354,10467.183,"PROTEROZOIC","SEDIMENTARY"
4241212.0,-430749.25,-190.0,-4.0E-4,46976.9,-109.0,-65.0,0.0129,22080.135,315556.2,211832.6,0.0,188365.36,39078.906,16001.557,4412.866,4322.72,32106.988,7575.2017,51136.68,"PROTEROZOIC","METAMORPHIC"
4245436.5,-446878.8,-185.0,-4.0E-4,49030.9,-109.0,-69.0,0.0117,13789.769,321909.4,226522.64,1.0,197218.61,29263.832,19960.613,2004.2483,13627.421,15549.667,10674.485,63905.758,"PROTEROZOIC","PLUTONIC"
4223727.5,-543940.9,-168.0,-4.0E-4,45920.9,-98.0,-44.0,0.0134,12983.255,303198.66,325982.78,3.0,108045.695,15915.363,9718.904,9835.912,7802.4077,13683.3955,46031.496,119742.57,"PROTEROZOIC","METAMORPHIC"
4148452.8,-363642.9,-124.0,8.0E-4,50256.5,-62.0,0.0,0.0187,16035.635,214621.25,200942.72,1.0,127119.96,99957.57,51905.496,50188.004,65374.773,62861.957,38685.547,9608.156,"PROTEROZOIC","VOLCANIC"
4204351.0,-675048.06,-147.0,2.0E-4,52427.3,-28.0,-1.0,0.0266,8028.7256,265125.25,458266.38,1.0,58603.03,67141.21,58080.516,21496.604,711.9441,20525.762,41630.184,44615.652,"PALEOZOIC","PLUTONIC"
4358548.5,-1006295.8,-245.0,-1.0E-4,69361.5,-83.0,-21.0,0.0232,5545.353,255176.95,783147.5,7.0,99280.91,57762.848,28883.379,22554.074,112166.51,195300.02,167691.36,154888.77,"PALEOZOIC","PLUTONIC"
4375612.0,-962667.94,-289.0,-2.0E-4,63862.9,-59.0,-53.0,0.0229,11918.201,292797.12,741343.25,27.0,67061.76,16662.748,21049.412,49815.21,102955.37,172541.16,154326.44,126868.0,"PALEOZOIC","PLUTONIC"
4884022.5,-1796620.1,10.0,0.0032,44029.4,-65.0,96.0,0.046,9772.821,109984.914,92998.99,15.0,57351.08,79127.94,196969.81,74055.46,165134.33,126648.77,76554.37,103666.68,"PROTEROZOIC","PLUTONIC"
5110895.5,-1896214.1,-189.0,2.0E-4,55868.9,-54.0,-16.0,0.0235,4594.388,183422.88,58132.355,41.0,4607.2114,13668.1875,43386.414,99714.24,250727.34,239529.36,133493.75,37414.77,"MESOZOIC","SEDIMENTARY"
4676043.5,-1047822.5,-163.0,-5.0E-4,38441.0,-80.0,-113.0,0.0354,2759.596,500457.84,680884.0,4.0,126303.19,52941.797,45122.16,82947.35,92579.75,146409.0,16803.436,56104.715,"PALEOZOIC","VOLCANIC"
4799198.5,-1721544.9,-61.0,0.0031,57392.8,-60.0,111.0,0.0242,2818.9175,124408.55,131211.62,8.0,12173.578,156254.6,156459.17,135866.33,105915.445,171129.1,28993.219,56155.39,"PROTEROZOIC","PLUTONIC"
4304652.5,-779332.56,-268.0,-7.0E-4,61183.2,-23.0,-62.0,0.0192,22710.57,316327.38,553661.9,0.0,18763.125,74101.445,47187.61,118720.71,96799.71,111945.69,53712.184,4796.658,"PALEOZOIC","PLUTONIC"
4376466.0,-1018206.4,-308.0,-0.001,68948.1,-83.0,-70.0,0.0195,7230.4688,264039.25,796659.7,10.0,92842.57,52015.305,35405.426,6014.765,93448.57,181466.2,150985.39,144067.62,"PALEOZOIC","SEDIMENTARY"
4281667.0,-874815.06,-178.0,5.0E-4,62038.3,-74.0,11.0,0.0301,13981.626,257806.77,649182.94,1.0,69413.64,21024.74,22434.232,169174.25,129308.46,135867.6,131633.94,83125.39,"PROTEROZOIC","VOLCANIC"
4679714.0,-1450587.1,-399.0,-0.0017,70081.4,-45.0,-124.0,0.0067,5062.916,255613.17,343858.16,8.0,58255.01,91336.05,11169.147,127865.58,235248.31,384167.97,15336.088,156890.5,"PROTEROZOIC","PLUTONIC"
4619274.0,-1499779.9,-179.0,0.0011,63187.1,-79.0,35.0,0.0331,4188.728,178090.89,363177.88,1.0,22940.557,166076.55,66360.266,55101.746,262745.78,404761.2,37479.965,140575.33,"PROTEROZOIC","METAMORPHIC"
4306841.0,-832965.25,-254.0,-2.0E-4,56761.6,-187.0,-43.0,0.0249,20248.922,297351.12,607326.6,0.0,33089.02,27691.514,23039.873,131922.52,124499.78,138795.66,102497.76,48068.29,"PALEOZOIC","PLUTONIC"
4628172.0,-1227846.0,-315.0,-2.0E-4,50221.8,-116.0,-120.0,0.0419,5752.731,360533.0,548152.2,29.0,136710.61,49874.188,24026.44,14604.553,58911.742,279394.75,11492.79,71764.04,"PROTEROZOIC","PLUTONIC"
4399992.5,-1214062.2,1.0,0.0031,45887.7,-56.0,145.0,0.0134,8990.198,178348.5,710006.0,4.0,85001.23,200319.12,11158.816,67481.15,75047.22,294656.5,28277.256,99442.836,"PROTEROZOIC","METAMORPHIC"
4641251.0,-1316205.5,-340.0,3.0E-4,63125.9,-65.0,-97.0,0.0201,7259.575,317366.03,468941.3,14.0,92686.016,49702.402,3028.2566,6672.9497,128801.11,368345.47,100653.06,160987.47,"PROTEROZOIC","PLUTONIC"
4561316.0,-1252167.6,-366.0,-3.0E-4,64690.2,-70.0,-105.0,0.0177,7828.4824,291520.12,569228.7,5.0,85658.875,43633.938,634.0917,56325.676,46771.047,293118.94,18240.273,107472.24,"PROTEROZOIC","PLUTONIC"
4268692.5,-793403.3,-255.0,-0.0011,57502.5,-19.0,-59.0,0.0275,22411.734,277728.88,568233.94,0.0,9490.933,44791.043,63424.87,153120.33,72027.1,86650.43,50919.41,1278.9554,"PALEOZOIC","PLUTONIC"
4501805.5,-1321197.0,-192.0,0.001,64403.2,-51.0,13.0,0.0167,3704.401,203563.78,562928.44,31.0,17167.705,111911.68,54134.766,99031.445,134707.31,364803.25,60858.17,187943.14,"PROTEROZOIC","VOL_SEDIMENTARY"
5148123.5,-1874855.5,-331.0,-7.0E-4,68589.7,-54.0,-77.0,0.0365,5310.4077,225099.69,21934.84,13.0,39330.02,9074.486,468.02637,57110.95,220605.98,247983.83,103871.29,31929.691,"PROTEROZOIC","VOLCANIC"
4635143.0,-1598335.4,-43.0,0.0018,42323.4,-65.0,84.0,0.0329,5124.579,119622.64,309261.03,9.0,35612.242,228510.19,129201.79,23743.293,225735.77,350185.12,6578.564,70222.28,"PROTEROZOIC","PLUTONIC"
4549438.0,-1286024.6,-394.0,-0.0014,69370.6,-47.0,-130.0,0.0178,8523.558,262723.03,552169.4,3.0,58410.59,54263.555,5073.829,78008.53,82581.95,326681.4,45472.543,143003.95,"PALEOZOIC","PLUTONIC"
4341398.0,-894329.6,-242.0,3.0E-4,64385.2,-112.0,-20.0,0.0257,10630.0205,300078.16,670202.2,3.0,80597.47,1967.4312,1531.9526,124182.8,155294.89,197785.39,172805.83,115136.99,"PALEOZOIC","PLUTONIC"
4577721.5,-1251946.1,-355.0,-1.0E-4,63297.4,-70.0,-104.0,0.0209,2312.6313,305237.84,558845.0,11.0,99119.875,29521.48,9238.303,40457.066,45274.65,294093.75,22847.438,100458.414,"PROTEROZOIC","PLUTONIC"
5156443.0,-1916660.6,-262.0,-4.0E-4,55461.9,-103.0,-54.0,0.0326,1561.0396,202252.25,38282.074,24.0,2901.8308,27134.799,13822.826,67984.3,202197.89,284015.66,145169.34,21916.023,"PROTEROZOIC","VOL_SEDIMENTARY"
4667808.5,-1696179.4,18.0,0.0027,35357.9,-40.0,51.0,0.0248,5082.849,66875.75,263225.6,18.0,120530.766,283953.06,202598.3,82767.08,200356.4,301588.88,44670.598,91713.24,"PROTEROZOIC","PLUTONIC"
4649555.0,-1445574.6,-384.0,-0.0016,71211.0,-53.0,-114.0,0.0113,5902.047,237140.73,369797.03,8.0,82110.47,104106.87,6634.704,116667.13,250612.11,410510.34,19077.541,175045.31,"PROTEROZOIC","VOLCANIC"
4543068.0,-1169705.2,-367.0,-0.0011,67412.4,-98.0,-116.0,0.0189,23326.385,322567.38,644897.25,0.0,65497.27,72864.125,19028.746,21599.018,32091.998,210420.1,5432.902,48037.7,"PROTEROZOIC","PLUTONIC"
4616103.5,-1260689.1,-339.0,-2.0E-4,56942.4,-56.0,-114.0,0.0321,12887.547,332145.5,528283.2,7.0,129721.65,16495.027,175.26433,6697.5317,68856.14,308836.2,41151.113,102974.35,"PROTEROZOIC","SEDIMENTARY"
4285467.0,-598232.7,-168.0,-2.0E-4,43919.6,-44.0,-50.0,0.0096,8664.993,359061.44,372583.8,5.0,48175.258,13581.673,39825.17,56812.82,18016.742,39515.79,9327.255,46048.516,"PROTEROZOIC","SEDIMENTARY"
4531377.0,-1306528.2,-386.0,-0.0026,69843.4,-51.0,-139.0,0.0172,14222.589,236278.94,550594.7,4.0,36949.03,78908.18,21686.107,100309.79,108007.98,347585.9,57956.406,169531.45,"PROTEROZOIC","VOLCANIC"
4887149.5,-1562754.5,-360.0,3.0E-4,67307.2,-89.0,-53.0,0.0041,1089.127,304742.1,129265.64,14.0,14675.061,66170.08,62884.637,3811.7278,42943.617,157414.84,45124.12,65265.75,"PALEOZOIC","PLUTONIC"
4586746.0,-1274945.5,-370.0,-5.0E-4,67565.8,-70.0,-117.0,0.025,6851.884,299839.03,535397.06,6.0,97294.234,15359.855,4735.538,39239.99,69391.83,317954.47,47483.02,120012.63,"PROTEROZOIC","PLUTONIC"
5106934.0,-1782103.2,-289.0,0.0014,69871.4,-130.0,5.0,0.0595,12242.499,260228.47,28329.332,5.0,11087.122,31817.197,6648.791,81708.586,289798.66,153910.05,52667.72,5691.5083,"PROTEROZOIC","VOLCANIC"
4615812.5,-1509979.8,-156.0,0.0014,61862.3,-62.0,49.0,0.0341,6660.623,168431.0,361145.75,4.0,12247.024,176577.52,76015.86,44331.004,262355.3,402771.94,44973.04,134820.31,"PROTEROZOIC","PLUTONIC"
4721618.5,-1266506.8,-288.0,-9.0E-4,44672.5,-60.0,-161.0,0.0335,4197.0825,410408.12,467536.84,9.0,88872.76,51299.258,7694.176,87573.97,160024.16,349596.0,51514.57,122346.4,"PROTEROZOIC","PLUTONIC"
4866267.5,-1594261.0,-395.0,-7.0E-4,68824.0,-89.0,-86.0,0.0126,4008.6204,266966.78,111329.86,8.0,10386.155,102954.76,49874.29,33187.453,5180.26,149722.39,58576.49,43544.875,"MESOZOIC","UNDIFFERENT"
4385188.5,-869650.5,-280.0,-4.0E-4,61441.8,-28.0,-79.0,0.019,10698.576,350290.0,650226.6,6.0,51452.56,38477.19,10325.799,90113.88,123653.37,185989.98,138633.16,95429.59,"PROTEROZOIC","PLUTONIC"
4577179.0,-1344308.9,-390.0,-0.0013,69524.3,-69.0,-128.0,0.0216,5984.19,250864.17,491363.1,1.0,91310.13,74766.77,5900.6973,76473.99,137461.94,386058.2,109863.65,189888.16,"PALEOZOIC","PLUTONIC"
4546444.5,-1283141.2,-388.0,-0.0011,69370.6,-47.0,-124.0,0.0171,12458.296,261857.08,556322.56,3.0,56685.223,56376.703,4415.9316,79731.99,80762.06,323799.78,41694.69,141797.38,"PROTEROZOIC","PLUTONIC"
4571541.5,-1331465.8,-393.0,-0.0015,69524.3,-69.0,-131.0,0.0227,14903.525,255218.11,504342.1,3.0,81297.98,66627.33,4274.0654,75520.05,124568.31,372856.2,95848.516,178502.73,"PALEOZOIC","PLUTONIC"
4930596.0,-1563028.4,-361.0,0.0,65947.4,-104.0,-50.0,0.0293,8228.531,329772.06,120847.26,10.0,26780.68,68050.25,44636.043,46310.973,76289.65,132793.98,67869.62,54548.64,"MESOZOIC","UNDIFFERENT"
5033624.5,-1799070.9,-208.0,3.0E-4,62478.4,-66.0,14.0,0.0479,1792.0131,200289.66,18871.615,850.0,23231.027,12190.957,66839.07,72992.12,241259.62,115603.61,58871.12,16561.73,"PALEOZOIC","SEDIMENTARY"
4528183.0,-1312090.1,-386.0,-0.0026,70569.4,-51.0,-139.0,0.0173,10601.284,230518.61,549144.4,5.0,34347.02,84393.26,27582.547,102888.086,114374.766,353307.3,61971.59,175943.83,"PROTEROZOIC","VOLCANIC"
4468468.0,-1187341.5,-270.0,2.0E-4,66939.1,-33.0,-16.0,0.0169,4917.3545,250407.02,679494.4,2.0,109923.24,132585.55,19086.809,5936.2817,16639.154,241509.03,30072.145,52056.227,"PALEOZOIC","PLUTONIC"
5149415.0,-1576185.0,-351.0,-3.0E-4,69528.0,-126.0,-59.0,0.1306,14462.966,445870.78,61240.04,4.0,4470.9814,8417.405,27982.904,82574.4,245171.75,190829.8,11182.662,30629.307,"PALEOZOIC","PLUTONIC"
4461436.5,-1331391.2,22.0,0.0042,41893.8,-46.0,149.0,0.0189,2542.3318,164407.31,588207.56,418.0,31115.564,152748.72,92562.9,104115.34,159431.27,382010.5,53148.38,195718.86,"PALEOZOIC","SEDIMENTARY"
4847413.5,-1735742.1,-117.0,0.0013,53022.0,-68.0,62.0,0.0299,3897.2148,140046.97,85208.09,8.0,11318.936,106475.99,170171.61,96192.01,102770.91,126226.164,5538.1133,64368.414,"PROTEROZOIC","PLUTONIC"
4139976.0,-595678.0,-102.0,-3.0E-4,47044.4,-96.0,8.0,0.0262,17965.076,214958.17,400942.56,1.0,119608.305,78409.57,107980.914,44851.11,17382.713,8487.551,58235.902,145564.16,"PALEOZOIC","SEDIMENTARY"
4599608.5,-1298200.9,-385.0,-8.0E-4,63825.6,-70.0,-127.0,0.0261,8082.0254,297476.75,509359.3,5.0,105437.24,23496.469,317.0917,35831.46,95062.4,342744.44,73490.664,141037.95,"PALEOZOIC","PLUTONIC"
4383605.5,-875525.56,-277.0,-2.0E-4,61441.8,-28.0,-66.0,0.0207,6433.139,345829.72,655828.25,6.0,57251.34,37968.727,14553.01,95959.14,122866.23,184638.12,144556.47,101155.3,"PROTEROZOIC","PLUTONIC"
4306070.0,-869690.5,-220.0,4.0E-4,62205.2,-112.0,-8.0,0.0277,19058.959,282268.5,644030.75,2.0,68480.164,1787.3071,12523.569,147939.67,143679.73,155071.5,135567.1,83783.66,"PALEOZOIC","PLUTONIC"
4113997.2,-521379.2,27.0,0.0027,49711.6,-80.0,132.0,0.0259,5611.6084,194806.6,346434.2,2.0,195459.5,31913.139,108326.08,71422.86,57126.57,37443.367,14271.488,91001.19,"PROTEROZOIC","METAMORPHIC"
4294007.0,-432042.22,-143.0,0.0,40384.9,-138.0,-57.0,0.0117,16698.562,368046.12,206281.72,2.0,183038.23,15811.181,27313.56,7959.626,2781.6233,51153.91,49981.973,54220.246,"PALEOZOIC","PLUTONIC"
5142858.0,-1999924.0,-28.0,0.0014,36240.6,-59.0,44.0,0.0351,3076.7017,138398.33,101553.22,7.0,57928.19,49903.004,68482.27,64916.684,206456.4,343915.47,188801.78,50979.773,"PALEOZOIC","SEDIMENTARY"
4531636.5,-1307944.9,-386.0,-0.0026,70165.0,-51.0,-139.0,0.0172,15662.809,235700.98,549435.4,4.0,37267.45,79349.4,22330.467,101587.06,109217.11,348988.56,59369.94,170652.36,"PROTEROZOIC","VOLCANIC"
4958433.5,-1516701.0,-351.0,-2.0E-4,65092.6,-67.0,-56.0,0.0778,14930.113,383650.25,149583.52,3.0,4388.8867,54852.46,1008.2401,73087.06,125573.13,167976.6,27779.176,106233.984,"PALEOZOIC","VOLCANIC"
4384416.5,-1055108.5,-294.0,-0.0015,68133.9,-69.0,-65.0,0.0157,8649.8,251112.95,833999.06,5.0,101728.21,77959.91,26498.607,14174.391,83042.48,189656.62,152924.12,111280.14,"PROTEROZOIC","VOLCANIC"
4412698.0,-1015729.25,-362.0,-0.0016,63220.2,-44.0,-114.0,0.0158,25484.822,296060.06,798742.8,0.0,59666.137,29560.941,31091.441,27768.121,57483.61,146691.55,114787.55,110332.51,"PALEOZOIC","PLUTONIC"
4606474.5,-1252874.5,-339.0,-1.0E-4,62606.0,-56.0,-111.0,0.0286,10587.662,328542.12,540315.44,5.0,123862.05,17733.312,5873.0723,12997.811,56801.176,299272.84,31523.066,95306.41,"PROTEROZOIC","VOL_SEDIMENTARY"
4436499.0,-1096851.1,-295.0,-2.0E-4,69061.8,-69.0,-38.0,0.0111,8223.778,272390.53,768402.9,1.0,68887.57,85458.05,18432.375,21375.71,25530.725,177107.75,116793.4,46002.953,"PROTEROZOIC","VOLCANIC"
4272129.5,-742813.06,-229.0,-2.0E-4,59790.3,-89.0,-35.0,0.0231,16082.833,300691.0,517540.78,1.0,14479.119,67296.19,51302.523,110924.93,51504.066,67207.7,6264.0527,9064.554,"PALEOZOIC","PLUTONIC"
4261021.0,-704807.3,-199.0,1.0E-4,55471.4,-89.0,-19.0,0.0226,15301.049,305622.88,480223.1,2.0,43778.938,43038.42,31643.355,75018.13,25134.912,43077.65,3609.3962,12173.833,"PALEOZOIC","PLUTONIC"
5130625.5,-1522064.5,-292.0,-3.0E-4,67593.9,-83.0,-45.0,0.156,25782.438,476114.7,78401.7,0.0,36404.633,52983.598,33666.535,132950.12,265105.97,212444.83,22597.777,36557.945,"PROTEROZOIC","PLUTONIC"
4601351.5,-1295352.8,-385.0,-8.0E-4,63825.6,-56.0,-127.0,0.0263,10602.232,300515.5,510387.12,5.0,107412.48,20168.383,1719.9503,33050.953,92845.87,340197.22,71280.12,138048.23,"PROTEROZOIC","PLUTONIC"
4277535.5,-783324.06,-266.0,-0.0011,60837.7,-19.0,-65.0,0.0249,22528.473,289810.88,557824.5,0.0,12846.656,57867.76,69408.73,145645.52,74933.23,89793.18,45027.895,6681.8325,"PROTEROZOIC","VOLCANIC"
4531563.5,-1241657.6,-382.0,-0.0012,67580.4,-76.0,-117.0,0.0111,20344.832,272751.78,596798.9,0.0,74017.445,75134.03,12185.781,63651.668,54161.28,282797.0,2357.696,114191.555,"PROTEROZOIC","PLUTONIC"
5107281.0,-1690460.4,-430.0,-0.0017,71033.9,-132.0,-110.0,0.048,4022.267,330934.66,103197.5,9.0,39793.652,26890.623,344.39896,93415.625,255568.64,117260.36,11871.538,21078.691,"PROTEROZOIC","VOLCANIC"
4267976.0,-750847.1,-236.0,-3.0E-4,63857.7,-19.0,-39.0,0.0248,20161.504,293724.2,525761.5,0.0,21162.28,76290.5,59388.863,115200.664,51292.87,66344.73,11654.542,15824.327,"PALEOZOIC","PLUTONIC"
4713488.0,-1682196.1,-19.0,0.0027,50415.2,-62.0,105.0,0.0215,3195.1155,106609.84,218860.19,7.0,101639.6,247064.02,159828.6,111370.555,152597.98,256676.47,29436.217,70903.555,"PROTEROZOIC","VOLCANIC"
4265352.5,-751005.3,-236.0,-3.0E-4,63857.7,-19.0,-39.0,0.0248,19399.727,291248.03,526059.0,1.0,23554.137,77443.19,61758.77,113949.89,49004.312,64031.31,10643.505,15329.931,"PALEOZOIC","PLUTONIC"
4851199.0,-1666720.2,-215.0,0.0024,61480.3,-91.0,55.0,0.0237,4305.643,199245.88,82934.164,12.0,56698.918,130558.98,103126.89,70490.016,33903.48,123567.73,30933.576,20355.346,"PROTEROZOIC","VOLCANIC"
4790787.0,-1710895.9,-57.0,0.0035,57392.8,-60.0,121.0,0.0236,6509.7275,128185.04,139594.86,10.0,21051.615,166609.92,147645.47,141203.7,102561.57,178707.23,41990.434,44167.055,"PROTEROZOIC","VOLCANIC"
4317290.5,-759400.25,-258.0,-5.0E-4,54266.9,-23.0,-57.0,0.0137,4765.867,335757.88,534119.8,1.0,12920.957,65008.438,24201.26,100523.21,99365.32,115309.57,43517.25,508.6544,"PALEOZOIC","PLUTONIC"
4565676.0,-1302907.5,-400.0,-0.0013,68131.6,-69.0,-136.0,0.0234,7848.533,266725.8,528744.8,4.0,71292.89,48568.117,1410.4491,68928.78,96287.36,344009.84,67122.336,152561.81,"PALEOZOIC","PLUTONIC"
4594301.5,-1257016.4,-362.0,-4.0E-4,62606.0,-70.0,-114.0,0.0247,5556.8545,316137.12,544490.06,7.0,111094.74,14548.101,3568.3523,25834.623,54407.098,301231.44,32564.037,100934.78,"PROTEROZOIC","PLUTONIC"
4717146.0,-1687688.0,-34.0,0.0022,45979.3,-62.0,89.0,0.0211,5660.5254,104266.88,215010.0,8.0,98259.78,243657.11,161372.5,117088.35,151017.3,252638.8,36030.7,71700.26,"PROTEROZOIC","VOLCANIC"
4270192.0,-987195.0,-4.0,0.0018,34912.7,-51.0,96.0,0.031,2231.5496,190436.61,761825.5,3.0,175185.3,112664.66,28948.482,112924.37,201656.56,208552.84,237001.1,187988.4,"PROTEROZOIC","METAMORPHIC"
4474291.0,-1069837.1,-313.0,-2.0E-4,58934.0,-26.0,-63.0,0.0158,18051.426,318787.0,766053.7,1.0,32229.338,41754.305,53347.562,52337.72,13698.4,132887.81,89069.07,64736.77,"PROTEROZOIC","PLUTONIC"
4598851.5,-1293745.4,-378.0,-7.0E-4,63825.6,-70.0,-123.0,0.0266,8256.436,299344.03,513232.66,6.0,105095.016,20060.553,60.64506,34673.57,90573.9,338225.72,69009.29,136676.78,"PALEOZOIC","PLUTONIC"
4267976.0,-750847.1,-236.0,-3.0E-4,63857.7,-19.0,-39.0,0.0248,20161.504,293724.2,525761.5,0.0,21162.28,76290.5,59388.863,115200.664,51292.87,66344.73,11654.542,15824.327,"PALEOZOIC","PLUTONIC"
4355332.5,-833317.4,-269.0,-3.0E-4,59231.3,-26.0,-67.0,0.0178,14492.008,341836.8,610581.25,1.0,18037.586,29853.99,37068.812,87136.18,165713.3,181913.92,126170.26,56278.695,"PALEOZOIC","PLUTONIC"
4446036.5,-1153714.0,-237.0,9.0E-4,69942.1,-51.0,16.0,0.014,12607.752,249697.05,719410.25,3.0,91689.46,124504.58,20677.66,15528.479,15605.228,219545.6,69681.89,23554.959,"PROTEROZOIC","VOL_SEDIMENTARY"
4837653.0,-1492926.1,-290.0,0.0012,60472.0,-105.0,-21.0,0.0102,15200.288,331746.25,213126.47,3.0,13319.485,21315.994,26637.375,26568.387,108249.414,242738.19,3262.8909,137942.95,"PALEOZOIC","VOLCANIC"
4021398.8,-666266.9,70.0,4.0E-4,35214.3,-44.0,59.0,0.0251,7974.26,86962.13,518361.06,3.0,133863.33,203853.48,237073.58,179961.9,111888.72,34218.42,73513.41,163141.22,"PALEOZOIC","SEDIMENTARY"
4874276.5,-1603345.5,-395.0,-0.001,68897.0,-86.0,-87.0,0.0162,7924.4233,264229.62,99270.6,7.0,18197.955,108751.375,61622.984,38239.79,11658.952,137642.16,70662.89,32435.426,"PROTEROZOIC","VOLCANIC"
5128429.0,-1753571.0,-400.0,-0.0011,69208.2,-130.0,-89.0,0.0644,9807.105,295849.0,56091.332,7.0,19876.715,44136.668,420.89328,60949.906,283130.5,155698.31,35034.555,31523.584,"PROTEROZOIC","VOLCANIC"
5021546.0,-1608376.4,-373.0,-2.0E-4,67881.5,-105.0,-52.0,0.0656,5342.007,342939.44,70705.65,7.0,21327.52,45749.43,46569.26,108607.14,158975.22,79605.53,819.0704,68621.08,"PROTEROZOIC","VOLCANIC"
4669149.0,-1620843.9,-16.0,0.0032,44254.8,-61.0,132.0,0.0297,12529.485,125840.61,270632.72,5.0,45544.473,225273.55,136145.4,57686.164,189394.53,311211.75,33144.664,36010.594,"PROTEROZOIC","PLUTONIC"
4701780.0,-1483309.4,-340.0,-3.0E-4,69807.2,-87.0,-64.0,0.0076,14042.877,248077.92,305582.4,8.0,19253.135,99932.32,2497.375,121228.984,197877.53,346183.06,26406.012,125053.34,"PROTEROZOIC","VOLCANIC"
4805929.0,-1581104.8,-434.0,-0.0023,66700.4,-68.0,-142.0,0.0028,4627.1636,242601.27,162909.66,13.0,1428.253,114607.89,23061.508,78909.13,59472.19,203852.23,9349.611,72626.27,"PALEOZOIC","SEDIMENTARY"
4385801.5,-864921.6,-278.0,-4.0E-4,60327.5,-28.0,-83.0,0.0184,15165.571,353319.88,645630.44,5.0,46779.418,38906.297,7504.302,85791.93,124897.68,187785.9,134198.4,90766.76,"PROTEROZOIC","PLUTONIC"
4639816.5,-1241769.9,-316.0,-3.0E-4,55455.0,-116.0,-125.0,0.0521,9022.829,362386.16,530110.75,25.0,142109.55,46166.848,29127.041,22099.268,75270.01,295883.38,27523.924,88269.266,"PROTEROZOIC","VOLCANIC"
4507881.0,-1276983.8,-344.0,-0.0015,72260.5,-47.0,-99.0,0.0038,8916.403,233351.16,587977.7,9.0,31698.916,93616.93,24559.742,62563.0,95734.695,320176.72,21884.992,144349.27,"PROTEROZOIC","VOLCANIC"
4452991.5,-1095679.4,-299.0,0.0,62954.1,-26.0,-39.0,0.0135,14120.46,286902.06,758773.25,1.0,52559.234,75122.33,20175.21,37265.55,9241.319,166242.23,106881.53,40822.984,"PALEOZOIC","PLUTONIC"
4638521.5,-1360854.4,-391.0,-9.0E-4,63746.9,-93.0,-131.0,0.01,7980.8247,285579.6,436652.2,6.0,86942.98,54290.637,6276.263,46977.625,167268.55,411438.03,83369.51,166497.42,"PALEOZOIC","PLUTONIC"
5155975.0,-1424091.5,-120.0,-1.0E-4,38468.6,-32.0,-31.0,0.176,31514.021,570881.94,177628.27,0.0,21728.314,82807.9,101872.76,130630.87,256714.5,306185.16,31515.453,117527.27,"PALEOZOIC","SEDIMENTARY"
4997002.0,-1560721.5,-367.0,-3.0E-4,66681.5,-89.0,-57.0,0.0835,13336.545,368768.47,96658.64,2.0,9142.9,63155.1,9389.94,104212.086,139244.6,121077.766,39358.184,64453.305,"PALEOZOIC","PLUTONIC"
5206672.5,-1590977.0,-335.0,-5.0E-4,69836.7,-185.0,-63.0,0.148,13038.643,470933.03,117202.5,2.0,2352.1152,15168.832,60693.61,33360.96,190209.02,234539.8,12835.7,17714.7,"PROTEROZOIC","VOLCANIC"
5245755.5,-1637456.6,-323.0,1.0E-4,68705.9,-186.0,-47.0,0.1308,22633.162,460629.16,163663.14,0.0,40623.76,9548.372,37705.92,26730.004,168474.66,259190.53,5783.3213,75569.9,"PROTEROZOIC","VOLCANIC"
4668255.0,-1619257.4,-16.0,0.0032,44254.8,-61.0,132.0,0.0301,11891.391,126495.56,271874.72,5.0,44071.785,224577.88,134852.5,56891.664,190398.77,312495.44,31350.543,36526.04,"PROTEROZOIC","PLUTONIC"
4880334.5,-1763360.5,-57.0,0.0025,50904.9,-65.0,107.0,0.0374,2155.343,135517.44,68873.8,19.0,27351.057,74359.875,190997.45,70095.625,131717.34,107524.37,45831.63,71464.22,"PROTEROZOIC","PLUTONIC"
4317599.5,-905899.6,-200.0,7.0E-4,62608.0,-61.0,12.0,0.0288,14740.4,273767.75,680526.0,1.0,98921.375,22876.037,26365.814,123467.49,174779.22,182675.72,173491.42,121618.805,"PROTEROZOIC","VOLCANIC"
4782055.5,-1727302.0,14.0,0.0043,51703.8,-60.0,148.0,0.0236,7486.93,109759.73,148669.08,14.0,30257.162,172374.4,165677.75,153948.33,120741.94,188834.23,29949.326,60406.94,"PROTEROZOIC","VOLCANIC"
4375278.5,-851752.56,-274.0,-4.0E-4,60327.5,-28.0,-77.0,0.0183,16288.336,351392.44,631165.3,1.0,34005.01,31657.621,12020.421,82066.58,139727.64,203594.86,128820.91,76780.35,"PROTEROZOIC","PLUTONIC"
4759424.5,-1753693.4,30.0,0.0037,37245.7,-39.0,100.0,0.025,7485.0586,75130.19,174985.45,13.0,62705.043,193799.95,197558.58,184476.64,155497.73,215929.62,26769.152,90605.99,"PROTEROZOIC","SEDIMENTARY"